tier,score,client,sector_guess,source_name,source_domain,published_at,title,url,summary,topics,why_it_matters
DISCARDED,0,Energy UK,Industry Body,Google News: New Civil Engineer (backstop),news.google.com,2026-05-13T09:15:11+00:00,UK’s last coal-heated hospital completes switch to clean energy - New Civil Engineer,https://news.google.com/rss/articles/CBMiswFBVV95cUxPT1phUXFKUnJFYWd0a0lraERTdTI2Sk9iSDRWVGxmSVJKbV9JTnk5SW04ZktybWMxOGlXaGlPZVpVa25tZzc0c0ZhVHFOLUlJeUJadjllaDJBT2IwenFWMzUtc0ZyY0JDc1NUTFNpSkpWeEVNMWk2YVFRVDR2R045amJWbUYtUWs3b0ltNVIzWUoxZWlmVU9QdEFqNExrS2FvVWZkQ1N5YmFDS1l3X1E5TW9mbw?oc=5,UK’s last coal-heated hospital completes switch to clean energy New Civil Engineer,,
MENTIONED,10,SSEN,Electricity,Google News: SSEN,news.google.com,2026-05-14T09:17:00+00:00,SSEN Transmission outlines east coast electricity network plans - Scottish Construction Now,https://news.google.com/rss/articles/CBMisgFBVV95cUxPQldoalUwc3ZCRzhUY0d3enpDM09Zb0lKdGVoNmFTVkl0c3plbUctcS1DZ0J3cUZvM3ZWaU1wWFpZSkhKQ2Fma0hmQUlqZUw1d2tLVlNGNmVfdkdHeW95QlVOdVBNTmd0dmJPYy1FTWhJYjhxazRTUV9DYU9UU3RfNi13M0Z1ZUN3eVlVWGlpZ2ZwczBLRGZ5OVhsdVNXcDJtRWJmN0VqZVdGSEZFWGhaSVpn?oc=5,SSEN Transmission outlines east coast electricity network plans Scottish Construction Now,media_and_events,+1 other outlet covered this
MENTIONED,9,Virgin Media O2,Telecoms,Google News: Virgin Media O2,news.google.com,2026-05-15T12:57:50+00:00,How to add streaming services to your Virgin Media bill - Virgin Media,https://news.google.com/rss/articles/CBMikgFBVV95cUxNQzhNdWprSGQzeGtvcklYZG1VaGVKcUJzWExod0VNNU5mX3pfRW5FaGNKNHZPOVdCVjJEQm14MjZncnFFd1VzcFVYSmZQd0lGdWVCNEtBcWZNdGRZbkszZmdkQkhIMDRwQ0o4Y1VCOWhpRkZGMzU1WUt3d0ZwcFB6RVFkR2o4eHFDZHktTGprMWl6UQ?oc=5,How to add streaming services to your Virgin Media bill Virgin Media,media_and_events,
MENTIONED,9,Virgin Media O2,Telecoms,Google News: Virgin Media O2,news.google.com,2026-05-12T07:55:12+00:00,"Responsible Business Built In: Virgin Media O2 to help 500,000 low-income households stay connected as part of new ESG strategy - Virgin Media O2",https://news.google.com/rss/articles/CBMi8AFBVV95cUxQMTBidXFULXBpbVIxOGVlRjUtYlNndlA1TWRPRlZKbHUxblpsQjU2V2Q0bFZ1OXgyZHhndUJDM09rZW5PSUlqcC1xUnZvRllVOF9STzRCMV95UHVzcEZXYmVzaTZ4NGZsYllHSDJ2SFg3UXRfM0hTTkt4SHp0eTZabmhxNzNZUDRheVdUMVNWQ0RTZWp3cUc3M2VlTGhXdEw3VGhfZkN2bGdHVVBDS1ppNzdZa0pEQjZoZDBtVzR4SUZDbXE4cjBvSF9UT1h6YTFtR0ExNjV4cXRlS3R5dmZwR242YmJFYjUxd1VmMkpPNnA?oc=5,"Responsible Business Built In: Virgin Media O2 to help 500,000 low-income households stay connected as part of new ESG strategy Virgin Media O2",sustainability_and_net_zero,
MENTIONED,8,Thames Water,Water,Google News: Ofwat,news.google.com,2026-05-17T14:57:24+00:00,Thames Water investors say temporary nationalisation would slow its recovery - Trending Now Infrastructure,https://news.google.com/rss/articles/CBMixgJBVV95cUxNSGNvdWFNZzRTY3o2OWgwZUdxZXpGaUZiaWc2TTBoeWxYLXlFV2FRMGtpZFVBZnZybjZkOU1oWlFZRGpnOVRvT3BmSXNPUzZ4RDRILWVOWDJYRldkZGFhZEV0eUtFUkJ4N01CNlZ2ak9rUks5SXBPcXNvSWl3c1lTSU9hWEROd3ZLQXplTFNiTGhIazNoN0xwME85aVBjcm5DdnpwR1RZeDRnZHVrcUREUXlTQm44Tl94RjA0b1hOVHlLN2hIQjhaYWkzX0RsMkZlakQwSkNXUFlwVlY2Zk9qQnhjMGpDdUZmQ1ZlQlFReHAzY1ptSHM0NWxqSm1ZVUZiLVlPd0hQX2d3STQ3WHhWcTVoMXVSRnMzRjNISGJPbjdrZ1NzTFFxTVQ5bWNEYnN1YUlwTmYwdm9oMTV6S2dlUEljSzZxdw?oc=5,Thames Water investors say temporary nationalisation would slow its recovery Trending Now Infrastructure,,
MENTIONED,8,Thames Water,Water,Google News: Thames Water,news.google.com,2026-05-14T06:14:00+00:00,How poor communication is worsening Thames Water chaos in Chingford - Epping Forest Guardian,https://news.google.com/rss/articles/CBMioAFBVV95cUxNamJhNmJpaEhyNjh1Z3ZPVnpkZ1dDemd2UlZITUltaFJYLXNFc0V2TUk1LUxPNjZCb0ZKZ3ZOa2dRZjZuN3BkcjkweTMwU1c1MnRxSkdzVzBDT0ZzRWdXY0l5bDhOYXJvTUFIN1dCZ0hfLWhyMlZobTFhUmxTeWFVTW5weGpObW42UUE1VWtGVnRybjc0R2lUQWRlaEVCTnp6?oc=5,How poor communication is worsening Thames Water chaos in Chingford Epping Forest Guardian,,
MENTIONED,8,Portsmouth Water,Water,Google News: Portsmouth Water,news.google.com,2026-05-15T15:43:56+00:00,"Ancala-backed Portsmouth Water embarks on two new reservoir pipelines - Institutional Real Estate, Inc.",https://news.google.com/rss/articles/CBMilwFBVV95cUxQVkZVYjE3X0ljZnAzcmFDY1N0b0ZUWnlGWGY0TTREUkIyamJpcFZWMG1qZmxLRkxlV0tMWTBVU0FHbzJHMndmWHlqcXNOeXVBVW9ZYkw1Q3lDcFdTTTZFUFBoZGt6V2I2andVeUNpRE5ocVlGNFNqbW9ZcERRb3BVek0yTUF4RXoyeXJURGJFVkFwanY3cFN3?oc=5,"Ancala-backed Portsmouth Water embarks on two new reservoir pipelines Institutional Real Estate, Inc.",,
MENTIONED,8,NI Water,Water,Google News: NI Water,news.google.com,2026-05-18T09:05:46+00:00,NI Water’s volunteers support Footprints Women’s Centre - Belfast Media Group,https://news.google.com/rss/articles/CBMihwFBVV95cUxPSDV5b2s4azNWT2sxOHpXVC13ZDVxOVlnUHpOWUU4SkVQYzQ4cENFcWVwNUFpUTk5T2xoUFJham9DRTNMMEpJcnQtXzFpZm9jajJ0aGNnSms3cWtvblhma0lwclJiMHVaTW53RkpKY3JGS3I0N1RtTE9FandHOVhvbllSbVB6Z2s?oc=5,NI Water’s volunteers support Footprints Women’s Centre Belfast Media Group,,
MENTIONED,8,National Grid,Electricity,Google News: National Grid,news.google.com,2026-05-14T09:55:15+00:00,"Market Open: ITV Sky Talks, National Grid Investment - Yahoo Finance UK",https://news.google.com/rss/articles/CBMif0FVX3lxTE5DOG9melZCbE55azBoX3U3ZzNyZ1hycENLUkdlN1lhMEtEQkpVYnVDaE9uaHVtZUt1azNZM0lCc3VhZHM0eGduTE85VjNyM2tUcGc2ZnRiRG5YQzF6aGtUaDZIaXJYWUl2Z0xoZjRjUVFBQllGZm9rb3FWeEVxUnc?oc=5,"Market Open: ITV Sky Talks, National Grid Investment Yahoo Finance UK",,
MENTIONED,8,UK Power Networks,Electricity,Google News: UK Power Networks,news.google.com,2026-05-13T10:20:50+00:00,UK Power Networks to lead eHGV project - Transport + Energy,https://news.google.com/rss/articles/CBMiiAFBVV95cUxPeGwxVHFyVDFfSkJTdGlUNmlLbUJxWkFQME1GbzloQjcwVUFZeFhXVC1IMkZJWms4OF9CS0NQaEZQVHFHU0lpaDFDTklTcThOQWdiSHU1cm4wUDlXakNiVllSZ3pXWTlYOUdLUFctdUsyVVdSTTRqd1RfT1R4bG5Oa3ptT2FOaUJT?oc=5,UK Power Networks to lead eHGV project Transport + Energy,,+1 other outlet covered this
MENTIONED,8,Wales & West Utilities,Gas,Google News: Wales & West Utilities,news.google.com,2026-05-17T15:09:32+00:00,"Wales & West Utilities donates £1,000 to support Narberth community pool - The Pembrokeshire Herald",https://news.google.com/rss/articles/CBMirgFBVV95cUxPb1dNMWVRT0dGS29EQlFIQ2dzeGFPTTVBRUtYZlE5bEQxTkZxUXE3R2dHR2plenpublVUN1NSZHhnVm02MVByWklFTVRNMGRycVBEN3llWUQtaEJDMnh5WUhURVloOVpIMGpNdDEwNkdreHE3c3ZWUXJSVGl6N3A0b2NWUng1cVdORWFna21YWW9hSGtBVmpPS0ZhYWhRUXlhSXVvZFpGN2hZSU11SGc?oc=5,"Wales & West Utilities donates £1,000 to support Narberth community pool The Pembrokeshire Herald",,
MENTIONED,8,Ofgem,Regulator,Google News: Ofgem,news.google.com,2026-05-13T06:44:06+00:00,Ofgem advances early funding for transmission projects - Power Technology,https://news.google.com/rss/articles/CBMif0FVX3lxTE5qT0ktN29nb2dkalFIcktWc21taEdCMjFSUUdQS0RYVEVIZUEwU1NfVWN2ckJjcFI1ZGU5R1k4TzNWSUNHaDRIWURCX3c1UDZ3aXJEWW1Mb25sNlNJZFpHYVEwOFpmRi1kbExXUHRTbU42TkV5WW1ielhvWi0welU?oc=5,Ofgem advances early funding for transmission projects Power Technology,,+2 other outlets covered this
MENTIONED,8,Informa,Media,Google News: Informa,news.google.com,2026-05-15T22:07:52+00:00,B2B Content Distribution Strategy for AI-Powered Buyers - Informa TechTarget,https://news.google.com/rss/articles/CBMimwFBVV95cUxPMXR2cmNYZ2Rqc3BsaUlWR1dnNUZZNGFQZk5TSXVCUXdFMnoyc0ZfTHN2eEhhR1lsQ0tINFFnbFBUY1VGYmxia0ZCdWhfRXFyWVI2SnMtaGU0RDBzZjU2OXdJdkdzZkM0aHZfVWhSdXlhZm94OGpORktRUjNlMFNCcV9QbERTN0U4djlBeW0yMS1RbHI5cUc2YUpONA?oc=5,B2B Content Distribution Strategy for AI-Powered Buyers Informa TechTarget,,
MENTIONED,8,Vodafone,Telecoms,Google News: Vodafone,news.google.com,2026-05-12T11:52:44+00:00,Vodafone heartened by initial FY26 numbers - Mobile World Live,https://news.google.com/rss/articles/CBMijAFBVV95cUxNUVhFUHdqTU1rZ2U5cFRxaG1wa3Y1a25rUk1xeEEyQUpBc2pmb2ZDa2E1Y2JJV0ZCSlJtVnE2ZjdrYU80N1RTY3MycGhSbno4Sk96ZXRHOFJ3LWxqLXpvMGhOMFFENDJsNUZHRW9MYkc2TVdKYmdLNWhMT1lHRGxhUlE1T25BWFJPMV9vdw?oc=5,Vodafone heartened by initial FY26 numbers Mobile World Live,,
MENTIONED,7,Severn Trent,Water,Google News: Severn Trent,news.google.com,2026-05-17T05:00:00+00:00,Pub opens up about 'big impact' of delayed Severn Trent Water work - Kidderminster Shuttle,https://news.google.com/rss/articles/CBMirwFBVV95cUxQOXlLTldWczVvdmt4U3MtRUpQWWN6S19tcVdxM3ppLTJIWm51WGJJNzYwaHlGUzJHSzNyYXlaRUN3NzhnUUpwcmNmWUVkSnZRYkNyVUh4RXE1UHE0ZEltUjUta25NRW9CT3FEVFNkTjFoVjNNOV9HZ0pVRnNrdm9kcE9XWlBYS3UzVHRYUHktUzd6cnkzTDZFM0dyV1lqc19pSFFVLUtYY29wY2xyQXBB?oc=5,Pub opens up about 'big impact' of delayed Severn Trent Water work Kidderminster Shuttle,,
MENTIONED,7,South West Water,Water,Google News: South West Water,news.google.com,2026-05-17T23:00:00+00:00,Insight: How South West Water’s teams are tackling hidden plumbing issues to fight pollution across the region - South West Water,https://news.google.com/rss/articles/CBMi9AFBVV95cUxQUnlkanRGMENPNHN6NFlDZUNvbU1OdFI4bnBYbGR1LTN1dlpKTGxLeTl6SlAwX2x0em1UdnJmaGtoREE2Z2hEMTlaM25qbmpTZnZSWmVjb2hHRXVYa04xRnVzVlJJQXNQdC1NQ3ZNU0VfSE5vVEUzNVFYdlNNVGxmX1J3QVJJaFNGZWpweGxlRFJYdWQ0UTQybGd6Y0VUSUhJRW5VZ3ZZeUQ1cmNBVW5kc0NsN0RyM3lNX1FQTkhBdWdWdGpKclRVejdlcHpVWklXN0ViQnFSMVEzY1BKMGwxUHlOb0VpUndLV3FhYXIxelhtdTVz?oc=5,Insight: How South West Water’s teams are tackling hidden plumbing issues to fight pollution across the region South West Water,,
MENTIONED,7,Southern Water,Water,Google News: Southern Water,news.google.com,2026-05-15T07:53:02+00:00,Southern Water announce Andrew Davies as Chair Designate - Southern Water,https://news.google.com/rss/articles/CBMikgFBVV95cUxPWlJKOEdKOXhiZzIxU09nSWtSdE9pdVpYZjh0cXZuTHE1bE9rWUJ4c0J6ZHpNem9pVUNUa1A1dmFwY2w0TDFDcVBKNzA1cDBKcXRyQXF0TWJ4UEllOUZ4dnNWTEtxUV9UNEZ2UXZLX0pSZThZZmdadV9lQWpFbFk0V2dXQjJ6ZFJWaTlZcGNBSllaQQ?oc=5,Southern Water announce Andrew Davies as Chair Designate Southern Water,,
MENTIONED,7,Scottish Water,Water,Google News: Scottish Water,news.google.com,2026-05-14T08:51:35+00:00,"BLOG: Glasgow 2026 is coming. If you work in water, this Congress matters - Alex Plant CEO - Scottish Water",https://news.google.com/rss/articles/CBMiiwFBVV95cUxNWWtDdG1Day1abWNQZTRENWVvcDRuU3hNOVh1OEU3UG9fWnJNZ3BtclY2SnQyWjVFUjJnc2RUYnNHTnJfZjB2T1U4Y2Ewdl9SdVZqS2hVY3Flb3IxRnJzekdlZzU0WFQwdXMwa1FfYlhHVVVZSkUtSm1wNldQN1BOMDlZWEZKY0lVWFFR?oc=5,"BLOG: Glasgow 2026 is coming. If you work in water, this Congress matters - Alex Plant CEO Scottish Water",media_and_events,
MENTIONED,7,Scottish Water,Water,Google News: Scottish Water,news.google.com,2026-05-18T15:45:40+00:00,Scottish Water Completes Second Phase Of Peatland Restoration Project At Loch Katrine - megaproject.com,https://news.google.com/rss/articles/CBMivAFBVV95cUxNTU9ieTBtaENjM05YUVdneS04eW1xUGZ3UEVDWDVvYzZZOXR5Y2JaaEd0OUlhdldpb3dBWGsybkRueF9vOWFWTVczb3U1Wl9RNXRMbnV5MUhTZkJhcWZtblJ3NTB6THJmeXBLYzhJSnNIcjI3ajI4Qlc0YkRHMV9YWmlhUVMxV2dXa2xVZHR1c0R1c3ZRcDN4TWMtSEJLVEFzeEM0bG13UU1ZcHZaSG9tQk0xbTlVNTBIQW1xQg?oc=5,Scottish Water Completes Second Phase Of Peatland Restoration Project At Loch Katrine megaproject.com,media_and_events,
MENTIONED,7,Scottish Water,Water,Google News: Scottish Water,news.google.com,2026-05-15T12:13:58+00:00,West Fife councillor 'baffled' by Scottish Water's pollution denial in Torryburn - Dunfermline Press,https://news.google.com/rss/articles/CBMipwFBVV95cUxQSGpJcWphZUR5YXZVQThEcEVTNGpmdXRvYmVDSkMwQ2ZaWUl5T0tzMmlSekc5VERDeHdyYzZfVlFoT0EyREtTVFFzNUJJeHBZMjZ6YkpMWG5VTUJqNkhKckYwMUdldThXMXJBdjgzcVZ3VzFyd0tNSzZaYlE3UW9vT3FCR19qamFoaHpZMGxDaWZYRm4zN3ZSTTBUbVBIMVdkTlpRY1FIOA?oc=5,West Fife councillor 'baffled' by Scottish Water's pollution denial in Torryburn Dunfermline Press,media_and_events,
MENTIONED,7,Scottish Water,Water,Google News: Scottish Water,news.google.com,2026-05-14T16:05:33+00:00,Engineers and Scottish Water celebrate 120 years of historic Borders reservoir - Border Telegraph,https://news.google.com/rss/articles/CBMilwFBVV95cUxPdjdidE1vcGN6d0JlaGlDNGtfckRWZVo3TVVKaHNyNTBuMEZocVhWQnBlSkppaVF4ZHlQY2xSaXpjTTdfSjNPMU02b3hHa2RPZ1hpWV9icU8yY09UWFZqT3RuVEJGajgzOHpVZUhOd0VCUFdpUXJZeXlpUDNXQ0NwUDhRZmNzSE1pY3RWSjJ4dWlwcGZMa0hZ?oc=5,Engineers and Scottish Water celebrate 120 years of historic Borders reservoir Border Telegraph,media_and_events,
MENTIONED,7,Scottish Water,Water,Google News: Scottish Water,news.google.com,2026-05-13T10:31:47+00:00,Community Invited to Share Views on Glenhead Woodland Creation Proposals - Scottish Water,https://news.google.com/rss/articles/CBMiogFBVV95cUxQWHQ1bkRzcXJxeDFYdHRnNGNCNElpTUpGaUNxZnNya2RvSXkyd1BDUVU0YTNuZFJEMHo5MlBDZ0FEZGVIQXdKWWE4LUdmZ0Fjdjd5cFh0cm5vbmdjbHlHWS1KbXBQbXJKWHhfdzhENlhrckdkVkRZNHZOTHNLZEJPSkdpVWc0VVpwaS1tUl9WZTdzQnBObFNFRlFLVjQ0cGVMOHc?oc=5,Community Invited to Share Views on Glenhead Woodland Creation Proposals Scottish Water,media_and_events,
MENTIONED,7,Cadent Gas,Gas,Google News: Cadent Gas,news.google.com,2026-05-14T07:00:00+00:00,CISBOT - Cadent Gas,https://news.google.com/rss/articles/CBMibkFVX3lxTFBLQ0tzOHE3R1RLQVhuT09FOXByXzFoNHpWaTlIS1NHWldhaVNyY1RNaEhWY0pSWjgxcWxfODh2NVg3VTRMRnBsaFJGR3RMZWl1WVViY1Eycll2ZHBkMHVGMHJaYlFJeTRNRkQyTV93?oc=5,CISBOT Cadent Gas,,
MENTIONED,7,Northern Gas Networks,Gas,Google News: Northern Gas Networks,news.google.com,2026-05-15T11:49:00+00:00,Design Your Future: Northern Gas Networks Launches Accredited Work Experience in West Yorkshire - Northern Gas Networks,https://news.google.com/rss/articles/CBMikAFBVV95cUxNWmFmQTluT2d0eWN0WkVVQlFGV3VVSlRKcVM0aGFoYURiNlcxYnJpOUZqWlZjRUN0N2xiRTJMckFiSG0yNjlIZm9fam5FZkJFNW5CUkNBRG1RQXRERjd6QXFiMmVYNjBCU0I1Z0dtZ2FLYXRoaEV0Y1dpZGEzZEMwWmN6OGlMeDQzS0o0MW4xdjE?oc=5,Design Your Future: Northern Gas Networks Launches Accredited Work Experience in West Yorkshire Northern Gas Networks,,
MENTIONED,7,Virgin Media O2,Telecoms,Google News: Virgin Media O2,news.google.com,2026-05-15T09:30:15+00:00,The O2 to mark 20 years with a series of shows to celebrate its next chapter - Virgin Media O2,https://news.google.com/rss/articles/CBMirwFBVV95cUxQVHhCNWJ0NTRqSXJUaFJvcEttU1pNSTV3dnRPeXdIZHRHV01hUUhicXFLVkxwRE1oQW9sVGlFbFRGWU8yMm9qN1g1bkFUclpGNG81X1dqZkpSNDZLUFpNcmhtRGtZeV81OVhkOFkzejcyalRCYlpWQ1lqeFZEajVBTVAxcExVLWtXVVdhZDQyRzY5VHBLTUdwZjVOZVA4RWQ4Rm1ESnBfZ2EzaEhvWnZJ?oc=5,The O2 to mark 20 years with a series of shows to celebrate its next chapter Virgin Media O2,,
MENTIONED,7,Virgin Media O2,Telecoms,Google News: Virgin Media O2,news.google.com,2026-05-14T15:17:33+00:00,"Pitch Update: Peroni, Deliveroo, TfL, Heineken, Allwyn, Luton Airport Express, Virgin Media O2 and more - Campaign",https://news.google.com/rss/articles/CBMizwFBVV95cUxNbEhuVHktWnlyNWJmY0pZdlBRNHQ4eC15ZVlhU1FJZmljTC12SW0zRFJTaEFGMXR3TVE4U2pJNHhiMDVhTkExNzBQMnhsXzZ6OW1feHAtNnYtTVFlRU9XSXVmS29UUzZKbTg2YlhkbFBHQlVaeGs3eTE0ZmJCeGh4YWRfXzVkYjM0M0pqbVJGQk5nalFjVENXX0V2Y0stQlkzdzFLU1Y5V2xWR2w2bDR3ZEd0clFuNGVxWHhmeTNxV3VIcHZZYUFtNllMU0R5d0U?oc=5,"Pitch Update: Peroni, Deliveroo, TfL, Heineken, Allwyn, Luton Airport Express, Virgin Media O2 and more Campaign",,
MENTIONED,7,Virgin Media O2,Telecoms,Google News: Virgin Media O2,news.google.com,2026-05-13T23:01:00+00:00,Virgin Media O2 UK to Improve Customer Support via New Training - ISPreview UK,https://news.google.com/rss/articles/CBMitAFBVV95cUxPNUUxUGJmSFlGVURweTlvUElFOGtoOVJCUmYwYnVJampVMUhHS01ZRUR6cmFnQm9mVW1qZy1EVFp5c3JIWHJ5WHE3LW1pazNJZUxvZkJ6U0h6eHVnMzhjNjJ1dHRxbVdIdWhXT1FmaWc0ZU82RHVWeG5ZT3pfQVpCNDBCQjhqLUotMmhXSFJjWlVWUF9FcDFqd1NiUWR1cGVRSGVfbUlmelo0VW5oY2FzVWwzTVQ?oc=5,Virgin Media O2 UK to Improve Customer Support via New Training ISPreview UK,,
MENTIONED,7,Virgin Media O2,Telecoms,Google News: Virgin Media O2,news.google.com,2026-05-12T23:02:00+00:00,Virgin Media O2 Locking Some UK Accounts for Unclear Security Reasons - ISPreview UK,https://news.google.com/rss/articles/CBMivAFBVV95cUxPa2lKa2ZGVlhGME1hWFRwV0lkNmNPdzBWVU1ncDNVZmk0VG9BbkNwa011aDFlMW9DSlNiQlk0UjhIZUxHTXZ6Z09xM3pIa2ZLbHlfdFJWN3l0bGhHaDE5RTVPRVV1RkR1VjItcExVRVQtMHdnU3FPT1JBUDVBUDZ6WllBMWNwUWxhanp6eWNrUE9BalpId2ZmaDRmR0htbnlZeENtWldQS05NOFZnS2hyUnhOQ09nWmI4aWdaRw?oc=5,Virgin Media O2 Locking Some UK Accounts for Unclear Security Reasons ISPreview UK,,
MENTIONED,5,Thames Water,Water,Google News: Thames Water,news.google.com,2026-05-15T15:41:00+00:00,“Frustrating”: Thames Water conflict drags on as Bermondsey modular homes still empty four months later - Southwark News,https://news.google.com/rss/articles/CBMi3gFBVV95cUxNSXk3QkV0NDI1bHN3TUhrWDBfSnN2OTNZdU1jR0ZKR0FQb3praDFES3I5WGc0V0NaWmttLURGR1FvQnNDUE1uVElZVmVxbXV3SlBVNldyZWlPNWtlcnhwSXNPcno2bm5hcW16Um1YUlNxRTM5S1luV2ZiUnY3SDJEZ1BNaDZWU1dUTk9ObXdvYXlHVmZhbXhMdm5CeXVXNXRlUlFmbFc5YWdvNWprTV9pOWQwY0lwSXRDQnpiZnRYeUs4LXZoMHZUSWNQeTZvdnpXVUZnNlRvTEtBN3V5ZFE?oc=5,“Frustrating”: Thames Water conflict drags on as Bermondsey modular homes still empty four months later Southwark News,,
MENTIONED,5,Thames Water,Water,Google News: Thames Water,news.google.com,2026-05-16T04:00:00+00:00,Thames Water hits new low with 'unacceptable' poll score - Swindon Advertiser,https://news.google.com/rss/articles/CBMipwFBVV95cUxNRGQzb3hVWU5mRHlqUUlyd0p2d25OX1lMNEg4eFR3MWVGN3Vybk1YTGh0YnVvREZ1ZHJjQVZWd2JmaHBTbDRQUW9Ha3huWWFac0xqYzJzX2dXM0dFRzlBUUVYd2p6NFpVUi1nX0FqQ2pkX1JtWDV0Qkk5dFo0LWJKWjc1LThkenU2MS01dEpKSFo5dlA1akV0NDdXRFZvQlp4bE1DR0NXNA?oc=5,Thames Water hits new low with 'unacceptable' poll score Swindon Advertiser,,
MENTIONED,5,Severn Trent,Water,Google News: Severn Trent,news.google.com,2026-05-18T13:02:11+00:00,PuriFire Energy and Severn Trent team up on wastewater to green fuel project - BusinessGreen,https://news.google.com/rss/articles/CBMiqgFBVV95cUxOeGdRRmY3Q0pFUVd2Mzk1VExpWFZTNXFNMm15S3FxQUtObXhQZUY2c3hrazg0d3JMbDhBdklMMk0wNzBVNEszZTY4SDYybzdPTm5IcUZLRmwxMzdSOEpWUUFvd0t4UGhJSm1KN0xmRmNmTk1vSFBHbjlaSmJIamNfUlhYMXFqZHZDOVhnZDgyZmVNeEYyUGUxc0lCZG56T2ZoMVFvOU1vMTFodw?oc=5,PuriFire Energy and Severn Trent team up on wastewater to green fuel project BusinessGreen,,
MENTIONED,5,Severn Trent,Water,Google News: Severn Trent,news.google.com,2026-05-17T04:27:43+00:00,Severn Trent: a rare success story among water company failures - The Observer,https://news.google.com/rss/articles/CBMiqwFBVV95cUxNUGFSWDdiZWhtb2F6NHhlUmpuSGZMT0RqR2RxMXVDOTh2OXA3djBRdURrZTRUTGV6Yk1zV29xYnlmTG1Db2xqVy1ZNm5IeERWZk9vQkxabTRVU0NkaGdfZmZTdjI2OTl4MWUwckRuaGY4em1TWVk4QmlEbU9ySFdqLW5XX3hxWGktMHA2VkxKd3I1UkNjcFRoal9kTjh4Z1doVDJPVnd4Wk9VMmc?oc=5,Severn Trent: a rare success story among water company failures The Observer,,
MENTIONED,5,Severn Trent,Water,Google News: Severn Trent,news.google.com,2026-05-18T01:00:00+00:00,Severn Trent reveals plans to extend village sewage works over growing population and stricter standards - Shropshire Star,https://news.google.com/rss/articles/CBMiowFBVV95cUxPay1ZLUtyTlRJOHB0U051TXUxYmZCOHJpemY4Q2p6Nk1UMW5lQTFybnNlSHNyNm95b3JsWWN0eERPa05PNVQ4RVJoZ0I3bmM0NGlraktHOUNrWVBhdHBIcHA4TXRXcjRGQzdsNlo3cUw5Z2xHUnFEc1Z0VlRYTjhCYTNMamUxWTlVUWt0VVdfZ2ozZUUtQTNWbDFmNDlLTmFETV9Z?oc=5,Severn Trent reveals plans to extend village sewage works over growing population and stricter standards Shropshire Star,,
MENTIONED,5,United Utilities,Water,Google News: United Utilities,news.google.com,2026-05-18T04:00:53+00:00,DWI issues warning letter to United Utilities over Cranage water quality case - Water Magazine,https://news.google.com/rss/articles/CBMivgFBVV95cUxQVnhMcU05YW9xMUFNcTZ4WHNQUmFyTFNoRGxwTkNaU2V3UmpaMmVMVG1BTk9RMXpJazlnNDA2ZHVuQjFDb3BSTU1iWjg3SWlFd1ZUWXI0QlVfaVRfVllrM2lTYjJfUmZUdTVJQk00NEZRaU5yYjBhSXBFUGpzblBiQ0dXSXAtUjl0bFRqU2FUTGVGMVBYNDMxRERPa3E2S3VPSXpLQlNEVmJWdUFUcTRnakVYV2xSOHh3aTVYNkJB?oc=5,DWI issues warning letter to United Utilities over Cranage water quality case Water Magazine,,
MENTIONED,5,United Utilities,Water,Google News: United Utilities,news.google.com,2026-05-18T02:34:16+00:00,"United Utilities said we needed new pipes - but £3,500 later, we didn't: CRANE ON THE CASE - MSN",https://news.google.com/rss/articles/CBMi5AJBVV95cUxQQ29wbE5LdzBsYjRZUnNBeFc3czJadWxqLTVKX1VHekc0cC1pTDBzWk5DYjRhTVZhTUpqdFVrRTU0V2tCR0JhTkk0a0RKZFB0X3BydzBUb0pXR05VYmNDcGJ3MkgtYnBaSkRuWW5OUlNMU3h4eWk5aTJEZWJ6VWZVYVdnOFhyQjg1Q3pWbnFnVUtRUGp1bnNjNlZ0TzRCdHVHaHZyY0NiUHh5NnlxeVNaWkJVeG9TLVhxTUd1STdBVWNJMUt0OERXU2R3ZGxyYVJMSlJzMnE3WjBLMlQ1XzA2N2ZtbVFPY0k1c296QkpzMXhGd3AwUUNEV1l0UXU3MUtZaGVlNFBRcUp3bTdTMmt6cTBhd3ZsS3F0M01XLW96VDIwb3B2VHBUNkVDSFQ5eDEzYUhGU0htZzZlYmlnRV9KaktoamRnQjN2Ynl5WUU2SXJXWVIzUzdmcHdMWGJOSmZfOWVydg?oc=5,"United Utilities said we needed new pipes - but £3,500 later, we didn't: CRANE ON THE CASE MSN",,
MENTIONED,5,Anglian Water,Water,Google News: Anglian Water,news.google.com,2026-05-13T04:00:56+00:00,Driving growth through skills: regional leaders join forces at Anglian Water’s Skills for a Thriving East Summit - Water Magazine,https://news.google.com/rss/articles/CBMi6gFBVV95cUxPZXJtMUREbUZpY1FHXy1WTlJDdXVqTmtSWlN0SnM5U1FRdGZFRWtoZVUxX2dDcUtWdW1FX0poQ3pITXZGTW5OZ2QxdXM0ejhSVkVBUWhVczNteDB0RURfQk5vTE14d1FCY3hKYjI1b1RTSk1wV1hKNWRLTVpSYXBlMTdJMVFiem4zVGxfUzMwa0t4T1ZYdzVsaHY3djJSQzZ5Rk9Qa1lsWnNfWmVFYjQ2X0cxWnU0R1B3eERqeEhaQzNvOTNOWWxrSkhnZUJ1ZlBhWXI5RlhlbmNBaXZpMjQ5bDlpMFpuN0ttcXc?oc=5,Driving growth through skills: regional leaders join forces at Anglian Water’s Skills for a Thriving East Summit Water Magazine,,
MENTIONED,5,Yorkshire Water,Water,Google News: Yorkshire Water,news.google.com,2026-05-12T17:09:00+00:00,Yorkshire Water worker arrested after guns and drugs found at Doncaster waterworks - Doncaster Free Press,https://news.google.com/rss/articles/CBMizAFBVV95cUxQZmFpMGhKXzBkVGNqbjF6bEJxd2pDcGRoTUhDdGU4WVhod3pzbGgtOFd6RnBfcl9VdlRXSENXVzRuV2tINDNnYXlzSzF4eXFBZ1JNR0VaWTJuYlFuWmVEdHJfVmpMWlZ1cU9GVDZ0YUtzbzZwSFBWZG9rVXlBNlBKOEpQZ1g4WFBFQ1hiOXNLdTRWT1RjOHhjR0UxaFNxVHpMVE4zR2lUOEV0Q0V5TkRXNG04djY3R0plekIxV1RqYTB6dXJFN1JtZVIzRVE?oc=5,Yorkshire Water worker arrested after guns and drugs found at Doncaster waterworks Doncaster Free Press,,
MENTIONED,5,Yorkshire Water,Water,Google News: Yorkshire Water,news.google.com,2026-05-15T08:02:00+00:00,"Labour should consider nationalising Yorkshire Water to show it can bring about change, Tracy Brabin says - Yorkshire Post",https://news.google.com/rss/articles/CBMiwgFBVV95cUxPaEJyOXZBMDZHMm56Z093dFBqbG5XWF84RU80N2lHVUEyQ09SMlRRV3BHdWhFZEdvSXRsUFhMMzJvdTVvRGNoUWUxR3lGS0ZZcHJqU1dHTXV2YTV4ZjJsVTRHTU1Ia1BCTTdYY3Q5aFNWbllOeUZ4b0V4dEpDZjNYbVg2R2dVb0E3QVRRYkltZDFKdmZxSk1WYWhPUkVUaFlwUGVZWmtVRUp0aTl3WENSTnQzNEdXQ2Z5bTdqS3V1WEc4Zw?oc=5,"Labour should consider nationalising Yorkshire Water to show it can bring about change, Tracy Brabin says Yorkshire Post",,
MENTIONED,5,Northumbrian Water,Water,Google News: Northumbrian Water,news.google.com,2026-05-17T04:00:00+00:00,Northumbrian Water named most trusted water company in England and Wales - Hexham Courant,https://news.google.com/rss/articles/CBMimgFBVV95cUxON2FpY3A3cmd0aVdYb0pZVnF6YzNVM3ZuNDdqN1dTUVdoNllhQndqd1kwMG1OY1Z0RmZ5clh6VTZhZFFtZnIzVHFyQlRJOWt2V3lOTVpjT01CclFaRjlmeWd5ZFJBY3FEZ2lQTVRHSTVuVkRfcjk1TUpqYkltQTlFeXFOYXJNdTF3QWRpbHZaNmR3bkZJM2VKVGdR?oc=5,Northumbrian Water named most trusted water company in England and Wales Hexham Courant,,
MENTIONED,5,Northumbrian Water,Water,Google News: Northumbrian Water,news.google.com,2026-05-18T09:45:19+00:00,Northumbrian Water Completes £3.6 Million Water Mains Replacement Work In Gateshead - megaproject.com,https://news.google.com/rss/articles/CBMiuwFBVV95cUxOZ19qZ2RTRDh0bUE5YjVwWVRoUU9qNDlLSGJySjRuMmRDd0l5eGcxUlN0bXBPWExreEcwX0ViTzQwTGtSc2ZQMVNaY3QtV25VU1g5SFZucUxVT1Z2UDA3SHlhaVhDd0IyOHB5UXJ6WVVXenowQ1gwb0l5bGgtZGcxV1N2QjVjX0FPanZOak5rdWlWQW1KLWJQWnRxNUxxVXlkV2lFMDJGeWFwRF85Z1RRVHdNbTJzb3dqcTRF?oc=5,Northumbrian Water Completes £3.6 Million Water Mains Replacement Work In Gateshead megaproject.com,,
MENTIONED,5,South West Water,Water,Google News: South West Water,news.google.com,2026-05-14T23:00:00+00:00,Works to install new storm tank to reduce storm overflows in Falmouth complete - South West Water,https://news.google.com/rss/articles/CBMizAFBVV95cUxNNV9Hd2V5UENVS3FlNmJRc0gtZXVEOEM1V3EtTnVpQ2JfY0d4TnBpel96YndDWUYwUE01OVZKYldQTzh3M0RHWmlncTUzd0xvUU5GMzd1aGloazVRWEE0QWZzUUhLN2FiamhmS2pOU3dvREpFMlhyYW5CbHZkanhFVFpwLU40QThjS0x3cU9vVS14aE5JVFlxNXgzQlNsQjdSR05MdHV4eUdjUkxvQ19hSWZiYk1fNlAtY1U0cUN1MVpqX2oyWG5yRTJBel8?oc=5,Works to install new storm tank to reduce storm overflows in Falmouth complete South West Water,,
MENTIONED,5,South West Water,Water,Google News: South West Water,news.google.com,2026-05-16T06:00:22+00:00,Six Cornish Towns Join Campaign Against South West Water - CornishStuff,https://news.google.com/rss/articles/CBMioAFBVV95cUxON3VuQXh4ZXZndzBQNFQ3V1dqd3d0T3pHY3BjN1k1Mzl6TGc1MklVZ3NsQjhWRHZyMEM4SndsZ1RiVmNSOTFhbXpxN3Z6bjlYUmIxT1RLRC0zQS1KQ2JmeUlhVGlUNDFFVVMwRmNXbzZyX0xyeHJ6eHZjUVpKMWgtc2tjRXNrc2FxVTJTRTRmdFBnU2RpSFlwRkhFbGg3cWZ2?oc=5,Six Cornish Towns Join Campaign Against South West Water CornishStuff,,
MENTIONED,5,Southern Water,Water,Google News: Southern Water,news.google.com,2026-05-18T04:00:00+00:00,‘Utter madness’: Southern Water confirms U-turn over 100-home development plans - Kent Online,https://news.google.com/rss/articles/CBMirAFBVV95cUxQWE95N3gxV0Q1TThKOFBOU2xKZmtqRXAtdThMZzVNUXZRRVE1bHRPUnp4VnFMVS1TOXFBYTVIZE9uYzcxRVZpanFDUkdBeTUwVWhTYzE4NkozSnl3bGF2YlJnTXFsWmRIZ250VnFPaDI3Y0xzV1dWem5hOWMzZUdKS2EzeXlhRmhOT2RLdVVBOUFYZVVKWFR0N3JLWkxBSTE4WF9OazN5NENua2xC?oc=5,‘Utter madness’: Southern Water confirms U-turn over 100-home development plans Kent Online,,
MENTIONED,5,Southern Water,Water,Google News: Southern Water,news.google.com,2026-05-15T19:35:34+00:00,Former Isle of Wight councillor threatens legal action against Southern Water - Isle of Wight County Press,https://news.google.com/rss/articles/CBMimgFBVV95cUxNOWFoYkx6a0RNU1NJTEdCa3lZNVhSblBrdEhweDNwOEx6NEMxTXpJOXZfUDV3dmRKZ25NQnRTYU52RTF2Mzk3SEhUbmk0YVJ6aFFURGtEYjNITVdjbHhSd3VGVTI0SFprSWtMYXZWZEpzNzVfZG5BZEFlVE40emlaTnFkUE5YQ3pkd09TZEpvaXYzbzJ1SjJlNGlB?oc=5,Former Isle of Wight councillor threatens legal action against Southern Water Isle of Wight County Press,,
MENTIONED,5,Southern Water,Water,Google News: Southern Water,news.google.com,2026-05-18T04:30:33+00:00,Southern Water misses FEO deadlines at Burham works - Water Magazine,https://news.google.com/rss/articles/CBMimwFBVV95cUxOT0hIVU1HakFvUkFmNW96UDFZQkx2UUpwVnV6Zks4aUdMWDNrbVF2eWoyVEs2eHZ2U25UeXlOT1JVNGtzRnZEczNpbG9nczZFbUN5YUt1X0NpQ0ZHRUNtcjBpYzdoZFJYcWtyMlU4U040OGZiRTNnLU5HR2tTLUNDNjhlb0VyNHJlMk1QV2ZKRWE5enp2aU5seDB3RQ?oc=5,Southern Water misses FEO deadlines at Burham works Water Magazine,,
MENTIONED,5,Southern Water,Water,Google News: Southern Water,news.google.com,2026-05-14T10:22:13+00:00,Root of all Evil removed in Whitstable - Southern Water,https://news.google.com/rss/articles/CBMiiwFBVV95cUxPbHRYM0liRGFuMDQ3N0JVOFE5cjdjZ2Z0OU5VSFRDUFFhdExoN1FjQXo5TnVIOXg3ZTAteXo1RmVEWkxCR0w2X0hITVR2S0xtSi1QWjVucXc3MVNpMWIzck5sV3pxT3B0UTNaamxGWW14dDVYSXRYcUhuSW9nenF5NUUzMHlPeXhycFpn?oc=5,Root of all Evil removed in Whitstable Southern Water,,
MENTIONED,5,South East Water,Water,Google News: South East Water,news.google.com,2026-05-15T09:50:00+00:00,‘Good riddance! South East Water’s leadership was totally out of touch’ - Kent Online,https://news.google.com/rss/articles/CBMiqgFBVV95cUxQR0VxOUUxc3NaQzFUQlkwMFE4cUM0TUx3RGY5OS00R2RFOTEyRnhjc3VybGZwVzVrWEpZRGs4clFKby1ib2pjLVdyVXU5VVZzdWZnMUVuZ0ZiRkJZU2gzbUdMMTBmbHFXa185M0hRbExBRGozSlEtNHlPSHIwek9kQ2w0RldFOFpCVzlqQ0tJSjVhS1AwdS1SMFB1RnNyWDFXT1RCQnlRekpYUQ?oc=5,‘Good riddance! South East Water’s leadership was totally out of touch’ Kent Online,,
MENTIONED,5,South East Water,Water,Google News: South East Water,news.google.com,2026-05-15T16:12:09+00:00,Kent County Council releases damning inquiry into South East Water - Kent Online,https://news.google.com/rss/articles/CBMisgFBVV95cUxNMjg5S2x2LVpzYzVNU3dHQV91S0ZpUUxjbUhPOUV6WEtfRFdaMjAtOE0zQmd6SjBJOEdDYkMwX0FTVzlfaHdwX0dIN3E5WHFnUWNnOW5aQlppSG5nQ1dIclBVQkhENDUwOXdlUnZvaGVtcTNlaUdrUy1hQnB5a3VySkVRdkpDbVd6cHl3bmN6ZWlHSzhEUUdKZ3ZVQlB0WWctUm11d1ZpNmhlYXgwR3hZQllR?oc=5,Kent County Council releases damning inquiry into South East Water Kent Online,,
MENTIONED,5,South East Water,Water,Google News: South East Water,news.google.com,2026-05-14T22:08:39+00:00,South East Water Blames Home Workers For Hosepipe Bans (vdFvRlXneU) - fathomjournal.org,https://news.google.com/rss/articles/CBMicEFVX3lxTE9FS3d0YXdfNVdEdDFheVRacWk2RTZ3Zl9tTmg1bWxqRzJkRXkybmMzYU9RSk1lRkNXaTF4MEY3TTZnY3JBaVVMclFvVTlmUjZTbmVrVGFnekJUOWpCNXNTX2tXU2pqa0ViYnRvbF9ObFk?oc=5,South East Water Blames Home Workers For Hosepipe Bans (vdFvRlXneU) fathomjournal.org,,
MENTIONED,5,Bristol Water,Water,Google News: Bristol Water,news.google.com,2026-05-15T22:00:00+00:00,Bristol Water Dept. upgrades sewer main along Gridley Street - The Bristol Press,https://news.google.com/rss/articles/CBMi2wFBVV95cUxNRzNxZ2h5VEY1TUFoaHk1dFNEVHlYeU51UXBnUUFDMW9VZzhaVVl2OW15SG5ycFdybUQtSGs1WFFOZDMwUmRLVlY2LWg3cXR3RnVpSjFfbzBYZTMzS3c5WllVcXRqcTBMVktVM1hTRVpXM0d1bFdxZzh5YndGWXR3OXVGaTE3dlR2NEkyS1BxelJ2VGVIOFFjeklkS29zdEhMSG8tdUs1NWNaU2R3Y09XTXU5UXBwRWNGcVZDbjJtUU1kRTVlMnZ0OHFpSW5TZFM5WUxPdjlVeDh2Vlk?oc=5,Bristol Water Dept. upgrades sewer main along Gridley Street The Bristol Press,,
MENTIONED,5,Welsh Water,Water,Google News: Welsh Water,news.google.com,2026-05-15T08:35:23+00:00,TENBY: MP demands Welsh Water answers after boy hospitalised swimming in sea — as iconic North Beach loses Blue Flag for third time - Swansea Bay News,https://news.google.com/rss/articles/CBMi7AFBVV95cUxNQkctVHZQckJrMDc1NVNZYkh3VDdNSDRsQUhtbGpoTjZiYjFOcjNnbTNfN0w5NXBpRjBORkZlOTdpNmE0Wlg0REJfNEs0M0lxN0hTMUtsdUJlNmFqRVQtUk1OcTZHQTBBSThaSHNoeHNnaklnLXRKblRNdlRtSTRlZHU0eXdjMWc1TUswLWFJZHJiSkcxRjdab2o5MkVKMjhYX1JnVFhkWFpMd1ZITzJLa2NORE9zazRJZUdlOFdfcTdxNlBFcnRlUDJlZEFDWW1SLXhpdDhVdmJuU0hsZl9EX0FZWmpDdVRrQWlCYg?oc=5,TENBY: MP demands Welsh Water answers after boy hospitalised swimming in sea — as iconic North Beach loses Blue Flag for third time Swansea Bay News,,
MENTIONED,5,Welsh Water,Water,Google News: Welsh Water,news.google.com,2026-05-14T14:19:15+00:00,GOWER: Protesters to rally at Caswell Bay this Saturday — one of Swansea's Blue Flag beaches — as new data reveals Welsh Water's worst decade for pollution - Swansea Bay News,https://news.google.com/rss/articles/CBMihwJBVV95cUxPSUg5NWVHOHBQOWl5eEI3eWlmNXJoM2d2OGVnMy1rYTRFVzVxc29zZUpEbkJ3ZlZRRGx5eW1faWZ6a2F4U2JTU29fZEZkMmN1NDNlYkphNnRjbjZrNXdEREZDakVyWVFkZWR3WWRxTU1qblRueW9CVmMxNlR6YS14d080MVZXeVFIc1RMYjAxcDFpR1FLNTkxd0NwRWtqMWRaM0hwZG1uVmZXY2MtUExSVU4zWm84YWJPYVV0S2RiMDJCU3pBd0FvQTF5dzA0cGd2NTRPcnZmeEFMTnIwcGZvNXlOTXBuT0xhYW1tdkEyRVVPWmJsZlEyMy1iMmU5QVlqQ3NwNzg0VQ?oc=5,GOWER: Protesters to rally at Caswell Bay this Saturday — one of Swansea's Blue Flag beaches — as new data reveals Welsh Water's worst decade for pollution Swansea Bay News,,
MENTIONED,5,Welsh Water,Water,Google News: Welsh Water,news.google.com,2026-05-13T16:31:31+00:00,NRW and Welsh Water probe River Dee pollution reports as kayakers fall ill - Denbighshire Free Press,https://news.google.com/rss/articles/CBMipwFBVV95cUxNMUlCU0ZNWXE4Q3ZBb3ZIbm1nUXB1QUhKZ2IwUkJmRTMxU2l6bnZZNE9NdDRCN19aVkd2aE1zN3IxeTRjcHRqbzF6bHNKZGpMN1UxTktqRzRUU0RGdDVaQXY2NEFySjVtQmUwUHNaNWp4X2dKbUJnQm9qaUVuTVJ2SktBSTg5dk9UeXp1WUJpTWF4NURNY0ZSaXhFVTA3d1kzYUYyTnp0OA?oc=5,NRW and Welsh Water probe River Dee pollution reports as kayakers fall ill Denbighshire Free Press,,
MENTIONED,5,NI Water,Water,Google News: NI Water,news.google.com,2026-05-18T14:08:00+00:00,Muir to seek support to end NI Water protection from environmental penalties - Kent Online,https://news.google.com/rss/articles/CBMixgFBVV95cUxOV0VfdnVnSnVKRUVYUDZqNkIxN3RWd0dCSE8xMC1KMzlCNnZ0ODBXZGt3eWNPWDVzcmF4Y2MtWVd2TlBkZE5McHNUVDh5UVpYVTZrSktYZWZSeGgzaHAwbF9NajN3LVVGZEY2SnhTb3A1LUpodjdvOUJEZkpydXEzcnY2Qm55Vy1QV3ZlRDVuUFZpX05zRUtpWl9nODNtS2RsMDFJdHN3VUxjby1HZUtSLUZ4YnZuSmgxakhqTGRKNTJuY2xiM3c?oc=5,Muir to seek support to end NI Water protection from environmental penalties Kent Online,,
MENTIONED,5,NI Water,Water,Google News: NI Water,news.google.com,2026-05-18T15:21:31+00:00,19 years of sewage immunity: Why NI Water could face pollution penalties this week - upday News,https://news.google.com/rss/articles/CBMivgFBVV95cUxQVDBVWUpFWWhycTFmMm9MZjRXNjhVTDljUWQ2TFotci1ZUEttSDNWTFQzVjdpWlhsREdUY0VFSU1LeW1NOHNhV1VNYl8ydmF6d2NvQXQ3UE96cnNsMUpwd0hOSWU5eGRlRS1acXQ1Q0xXSVpSVnk0QlRRbjR1ZnV0clA0Z0xla2kycDBpek9LbjduSkdwNk96bjU3eXFwbzYyS05GVjdZb2JDNFd5d2Z3WjUyQmtCZ3hkVEpVaUp3?oc=5,19 years of sewage immunity: Why NI Water could face pollution penalties this week upday News,,
MENTIONED,5,NI Water,Water,Google News: NI Water,news.google.com,2026-05-12T13:58:20+00:00,NI Water Invites Balmoral Show Visitors to Join the 'Refillution' - 4ni,https://news.google.com/rss/articles/CBMitAFBVV95cUxOQTVPYjRONnhibVh6VHFPV200YVZpRFVPWXJ4R2R1NlY2UW9TakpKajcxWnJTUmdneFNhckszdHRJSk1hX1BONWZkVlJ0bDBMZkR3WXhtTldDU2hhOUxFZ2RoQ2dGdlowN0dKcHNhd0F5OEtySzJHUWNxbkpHNlpmZVY2TTBvSXhyT1lzVzhVaFlZUV94cnMwYkFIQWZSODYwTjJxTE4zTUZiVVhidUE5dERhcHQ?oc=5,NI Water Invites Balmoral Show Visitors to Join the 'Refillution' 4ni,,
MENTIONED,5,NI Water,Water,Google News: NI Water,news.google.com,2026-05-12T15:30:00+00:00,New NI Water scheme to improve Seagahan catchment quality - Agriland.co.uk,https://news.google.com/rss/articles/CBMinwFBVV95cUxORGNZaUt0a29GRjFCLVJ3cXFibzVWMlhzRzRaZ19NTW82UWpHXzRzWnVKa1hWcUhGd01SZzBMeXoxMTRDQVhqSVEya2U1WDBxVHlpYTMzQzdwN3o3TGphLU52UFpzMzNWaDdMRUNCTUMxRUhoaWp6Z045aE9BWi1HTk9kbDNoRGFhQjBfcTVNdWt4dm9tdWFiZHlfRjlOcEE?oc=5,New NI Water scheme to improve Seagahan catchment quality Agriland.co.uk,,
MENTIONED,5,NI Water,Water,Google News: NI Water,news.google.com,2026-05-12T13:12:09+00:00,NI Water launches fully funded farming scheme in Co Armagh - FarmingUK,https://news.google.com/rss/articles/CBMiogFBVV95cUxNQWtTMHI3MmlqRGIwOHk1TzIwWk5nOWxqWmRDcUxTbjRJRFpEa1ptVTk1b3RMS2d2dzQyUnpvd1NERnhoTDBMRHljYTBLY21TSkxvNUVEeDJwVTdtOEsySTZJRVNCZ2w0b0tGeW1qMFhXRzJKcTVrNC1MempvaFNmLUNUVXpiUFZzbnhYTVh3TjF5YXgwNmdna0tQVTFqbW9veGc?oc=5,NI Water launches fully funded farming scheme in Co Armagh FarmingUK,,
MENTIONED,5,NI Water,Water,Google News: NI Water,news.google.com,2026-05-11T20:02:42+00:00,NI Water scheme rewards farmers who reduce water pollution - Farmers Weekly,https://news.google.com/rss/articles/CBMisAFBVV95cUxONGJEbXR3NGlpRXFxR2hjVzY3d0VLSnl0SEhvS18zVTF5WnRyY29VVy1JaEgyaWNyU3ZqU2dybWNHcU5yc3FjaXZqeGE4Ri1iTmRpWTFOaGRJajFqZ3ZYMS1nV21rTnpfLW9nOTNMTlNOOEkxTFlsVjdsNDUtWW5vSzRzU3NhM3MycEV2Tm05Qld0R1ZzUHZZOHMySXhtOUhsQ0gweFkzeER5cnlWN25raA?oc=5,NI Water scheme rewards farmers who reduce water pollution Farmers Weekly,,
MENTIONED,5,National Grid,Electricity,Google News: National Grid,news.google.com,2026-05-18T10:11:00+00:00,"Leading bank reiterates 'sell' rating on National Grid with 1,160p price target - Yahoo Finance UK",https://news.google.com/rss/articles/CBMijAFBVV95cUxNRHRpYW1XZmRTbHZ5NVVJZUxjRW92cG5fMXlOazczTVdxR0xFQWhhdHdyNk5tdFYwWkNEbGFqSzB2SnkzQzZJdGdfQVExLWItQ0R5cy1tT1BrTWpQT1BUU0NOX0k5YzRhSlNfa1lIV0p1VWE5bHRvUTJzcnZNeGVvUjBSRlR1N0ZmY0JqcA?oc=5,"Leading bank reiterates 'sell' rating on National Grid with 1,160p price target Yahoo Finance UK",,
MENTIONED,5,National Grid,Electricity,Google News: National Grid,news.google.com,2026-05-15T09:06:17+00:00,"National Grid Earnings: Boosted by UK Transmission, 2027 Guidance Confirmed - Morningstar Canada",https://news.google.com/rss/articles/CBMiuAFBVV95cUxQTmJ5aGZFVnllSVZsRE5FZWxvNGhHSXJ6ZFFMeU1yVU5kdzlJNmlDb3luOTMybVB5TF9RMkpwNWp0UFJsMjRWYnZXY290cS1EYVRlTjBJbDhQQS1vdVBLM2lFTXg5RDlocGVTNWk0WElPMDgydTBQa24wd0d6ZXRCS3JjaHpSM0dsUlJhY3NJb3M3bjRCbFZIWS1mM2UzdFNkeGZBODlXWGxhQVJQTHBBUTRranhDN2hw?oc=5,"National Grid Earnings: Boosted by UK Transmission, 2027 Guidance Confirmed Morningstar Canada",,
MENTIONED,5,National Grid,Electricity,Google News: National Grid,news.google.com,2026-05-14T14:13:51+00:00,National Grid plc 2026 Q4 - Results - Earnings Call Presentation (NYSE:NGG) 2026-05-14 - Seeking Alpha,https://news.google.com/rss/articles/CBMiowFBVV95cUxNaWVpaEFNNS1ZcHVtWU5Ja0dJeGRuZ0hyanV2dVdKOG5VSWdTWVdTTWhqNzFQdThMWGhFNHJua1NtSnlsUjdDUEFfSVh0WUpMVXNocVdESVc5aS02Y0tnXy1MNlJ1UmNDZHJ0X2pZTHhDT3NKOGEzQ3JGOXpfamF6MFVlLTNiRkllWUFJZjZWVUFwdnl3OXFaRnI3Y1N2bS1ULU9Z?oc=5,National Grid plc 2026 Q4 - Results - Earnings Call Presentation (NYSE:NGG) 2026-05-14 Seeking Alpha,,
MENTIONED,5,UK Power Networks,Electricity,Google News: UK Power Networks,news.google.com,2026-05-14T10:43:19+00:00,UK Power Networks’ DSO releases Python package making energy data easier to use - theenergyst.com,https://news.google.com/rss/articles/CBMipgFBVV95cUxPSEI4Yzd2VUZ3Z0NGTVlsVHkxSjJyNWhldkVVcHBUTDVENXBnTEhsRlNlcjZQdVN2WDBPaTUyNm1IbC0yenZ5emNvNmdrTE4zLVZqOGlfNjhtNGVLYTl6RmtpOVdyTDBiU29iMXNFMDJBZ3hESGY5UkR3MkR2R2ZzYmlNVUFMWEtmVU5MdE94a3l0QWlPRDY4bXdDU2hFdkZVYzNzclBR?oc=5,UK Power Networks’ DSO releases Python package making energy data easier to use theenergyst.com,,
MENTIONED,5,UK Power Networks,Electricity,Google News: UK Power Networks,news.google.com,2026-05-13T08:45:44+00:00,UK Power Networks clearing the path for electric heavy goods vehicles - theenergyst.com,https://news.google.com/rss/articles/CBMimgFBVV95cUxPLUhuOUh3NlpxV0dmeU02bS05REs5U2FKNXcxUzdFOXZPR0t2dW5qX1VIdUc3REFibHVEVG5DalNWRjlBNzNGQkFOc2JOYjZpUzZCOUZsNTRBaWpxcnBzRFprdzVSZnZMNEM0LThRRk81c3hGaDVsNDNtUnliNl9JNFktZTlZUFlhOUE1V2xrY2JmN3d6Sndtc3Zn?oc=5,UK Power Networks clearing the path for electric heavy goods vehicles theenergyst.com,,
MENTIONED,5,Northern Gas Networks,Gas,Google News: Northern Gas Networks,news.google.com,2026-05-17T11:12:00+00:00,Northern Gas Networks reminds Yorkshire residents to join free Priority Services Register this winter - MSN,https://news.google.com/rss/articles/CBMi_AJBVV95cUxOR001ZFZNdEhORUhVOWU5U1gweXUtbnZ6ME1UUDY1alhPNFJDb3FVU2hHRHNtZnlVT0VjZl9CcjFvS0tWUUhWRWh4VjBRZkxMeTBXTHhXNWw1VWpsV1pGS09XQXRSRFRLdTh1ZHJaeWhyMmV3ZGU2UGdONDlhMXppNG1mUm1MVnIwU2JQaUltdGlkN3FQb3YwV2xZLUoxNTZlTG9OajdNVndkX3ZUaUQ3SGtmYmo5bUZjWTA2aVlqbnFzdkFDNTZSS1RyemlIZVR0ZnJmcTBMRVkzdkh2WXM2RWd2cHJPbVlfUGJYVm1aZ0taWWcyajg5eXNBMnJvUUJnaGhuLWRWOEF5R2RGdmh3ZXVYVHdHSWZpaGxxYVhlVDVaR01xNGMwRTFkb2tSaGxqWHpsWmlrY1IwSV82U1ZKaW1zWG8xMTBwU2FkWWtrNlRqaVhCbExiNnlFSThIWXpJQi1SekJxN29UbXZTQm1xVWEtclpEY3VGZ1NFSg?oc=5,Northern Gas Networks reminds Yorkshire residents to join free Priority Services Register this winter MSN,,
MENTIONED,5,Wales & West Utilities,Gas,Google News: Wales & West Utilities,news.google.com,2026-05-12T13:55:46+00:00,Wales & West Utilities will shortly begin work to upgrade the gas pipes in Aberdare. - aberdareonline.co.uk,https://news.google.com/rss/articles/CBMixAFBVV95cUxQbHRUOFNNWmowaU1PeWkzdWtJUDZKa3JXQzNJNy1jcHVPWVh1Z1NBOTNQTkRoUzZMaFRjcnA0TWNBWXNYN0hZOVFkN3hOcGlkd1VmM0cyMjd1aUx2aHhWdjBURVAtYzh0TThXTlVPYWpNQVhyYk41SkRqRDViWDRYNmlOczNPNTRQOHN6Nmd3VXZ4d2NiQ0xIR19YZFZpTmZKbXlwVGRPOFc1aE9MaTdhMkdhRVBDSWRUVFY4LXM3ZDRsc1ZH?oc=5,Wales & West Utilities will shortly begin work to upgrade the gas pipes in Aberdare. aberdareonline.co.uk,,
MENTIONED,5,Ofwat,Regulator,Google News: Ofwat,news.google.com,2026-05-15T15:15:03+00:00,Ofwat denies extra funding request for South West reservoir - Utility Week,https://news.google.com/rss/articles/CBMijwFBVV95cUxPZzZkLWY5Tzl3MWxIeVFJdS1rcDI5YTZfWXFvLXJEUG1hZW5MR3E2VHJQT0czc3pkQzNGc3lTUHV3YTllcUNmYXZyY1lsUnkzMVUzTk9ZVzFSbzJjTmJtRzZOckxSQmMzVloybzVtTDEwQ0VqS3VCMUtueFdRRVVJbW5uLTRwdFBocTRnaHlJWdIBmwFBVV95cUxPXzYweE42djZyQjlsdTBSTHhHZG5DbS1JYXNqZWlOVVgwb244WERhNVNvU1BkcW1MV242LWlldTFaZVJabFoxbHRaaGJDNDNhX1ZyUWFkbC10bEYtZHlVd1NIYkZCZVJONk5Ya2dtckpTUUVJa0JLa0sxY25kSlo2NWxfLU9qVjNqS3RwNUxsV0ktMXJOQ2Y4NUxYYw?oc=5,Ofwat denies extra funding request for South West reservoir Utility Week,,
MENTIONED,5,Ofwat,Regulator,Google News: Ofwat,news.google.com,2026-05-15T05:00:18+00:00,Ofwat backs Cheddar 2 Reservoir progression in Gate 3 draft decision - Water Magazine,https://news.google.com/rss/articles/CBMipAFBVV95cUxPeW5XSXRXM0hBeWNxYXowcHNPUC1RVXRZMUVJWFNsd1VlVVViZGhqN1ZfRHBERXQ4RnlsR3NfaHpMN2RKNlFJcjQxZFdqOTY3QmttMWF1clU4ZnZORGdvWV80SkxYVmx1LXZZMHUzZjZTOEs1REczR3dndWdHN2luaG9mVk9ieU5aOG1lYjB4a0JWT2JIVFNaTzdYbXZ5b1U0ZmFvbg?oc=5,Ofwat backs Cheddar 2 Reservoir progression in Gate 3 draft decision Water Magazine,,
MENTIONED,5,Ofgem,Regulator,Google News: Ofgem,news.google.com,2026-05-18T08:42:00+00:00,New Monday Ofgem alert for Brits that need 'support' - Daily Express,https://news.google.com/rss/articles/CBMikgFBVV95cUxQcC1MNFlKUWZWZkRQRVlPejlkRS1Kai0zbS13OVVKZ01UWjBtdEZLT0dWcXAyV2x0TjBxM3N0N3F4WXhreGRFVFpQTVJJbHcxRTRoSWp6dUlja044N3hBU1dDNGpqVE1aWWdSSzh6andLWjhWTlJWSkpFbWxzRHVMbU4yR3c3V1BqSUlFNlRHbTdkUdIBlwFBVV95cUxPbW1senl6dE9hcFdQNkZEUERDemIyNDNnbVhLaU91NGhvZ21lUzZDakVSNG96Q3FPLUdDajMxcFdyRFFFVVhsSEVQMGVXY1QyV1NURS1CdXVzTml5TjhDLWxwWHcwSG9VMl9iZVE3aDhoRVM0dHY2N3RoZnpCbktmYWtaYjItNU5weTNsUXlNeUhaZFFvYmU0?oc=5,New Monday Ofgem alert for Brits that need 'support' Daily Express,,
MENTIONED,5,Ofgem,Regulator,Google News: Ofgem,news.google.com,2026-05-18T12:22:33+00:00,Ofgem to rule on ‘pounds for pylons’ payouts - Utility Week,https://news.google.com/rss/articles/CBMieEFVX3lxTE1jUF9PMVo3TUVyb2NMWFNMR0hMdk9oM0hhazVjYkpDX0ZOTWNLMGx4alNCd3BWVXdJaG0xaEVIZlMtUjZPaFhRTGttTHpwZUVWeWlOMG5JWEhSR3ZuR1hBNjJvVEdHSFd3MlZHZWNrQk9VZG5iY2R1btIBhAFBVV95cUxNUWJ4ZlkySUN4MDZzdXRMaXNtRFQwUWJ6dUVDb2lUZlJRaFdRWkN5dkRHZ1VGdEN4QUlWZlo0b2JaMjdLWC1oa0FBc2FNZTVUUG5MbkhmMkJMSDlZOUNsLWlpampObVBEWmpkMGltc3Y5OHEyYUd6NkdIU1ZGaEpWQ1QycEE?oc=5,Ofgem to rule on ‘pounds for pylons’ payouts Utility Week,,
MENTIONED,5,Ofgem,Regulator,Google News: Ofgem,news.google.com,2026-05-18T08:47:00+00:00,Monday Ofgem update for UK households with energy supplier issues - Surrey Live,https://news.google.com/rss/articles/CBMilAFBVV95cUxPRldzWktjWTI2eWRwbU1fbjRydFVhQkxnbUl4TDY1Q0lwYU5RWFdrUmM3WjhNZmZIeW5ZdFRxaC10NzY4RV9qYXRGYUd2cVV4ZXpuUmtSYnFnMmpnT3ZPQ3ExNTFpVDFNay12djNfdVpYSUFMd2RTYnJTbVFvd1VsOGZaS21kaFRUdUdOQ0tDX0x6LTRI?oc=5,Monday Ofgem update for UK households with energy supplier issues Surrey Live,,
MENTIONED,5,Ofgem,Regulator,Google News: Ofgem,news.google.com,2026-05-15T09:00:44+00:00,Iberdrola secures Ofgem backing to drive two strategic grid projects in Scotland - Iberdrola,https://news.google.com/rss/articles/CBMiwAFBVV95cUxQTEt6UFpNU1o5Yms2X1pCdmhmdkZ4ckg4aWpRNFNsWVV1ZDA1U09fU1A3OW9UcXBJX2pXQUlEY0ZTeXdWWW5DRlF3M2NnaDN6bmZjSUJzUmotbzIzcktJbTN5YlhsVUI5SDdpaHVrQlZLYkhYV0pyc3l6bE9NMU53RS1OVC1NOGZ6SThPQTZNek02RWs1ZTl6MGhVblgtOG51NGhJZl9lZHlrRWFWYVBLa3U1VE9pbExKbWVoVjRKeVQ?oc=5,Iberdrola secures Ofgem backing to drive two strategic grid projects in Scotland Iberdrola,,+1 other outlet covered this
MENTIONED,5,Ofgem,Regulator,Google News: Ofgem,news.google.com,2026-05-17T16:46:00+00:00,Ofgem warns UK households energy trend is 'illegal' and 'dangerous' - Birmingham Live,https://news.google.com/rss/articles/CBMimgFBVV95cUxOU0xXSGZlOHBjc0JNam40VTIycHlPZ1RZZEI5akV2WXYtSndqci15UXRjeHY1MG9NQWlRaEJELU1wQ3FZSXFmTkJXWEZlR1FKZTVBcmJPc3B4UmpMNVNpMkthV0VNaUFyelBoRUsweHZoQmRnY3lnRGwxZ0d2SFV3X1FPVHY2MmFMcFUxTnZWVFNtT2o1czQ0NWxn0gGfAUFVX3lxTE55TnZVTUdXdlhHc1ZVa1pQUW9GUWp1UXBRZm1KTEtTOHhIVWZkX25TOEpIaVd4Ry1LM21xclhrVmVOOXNycEJmMS1aTVV5NlljU0U4YnBOeU1Ra1JtaDBwMS1ydHFxNC1nMzVOWFJhVDYxX2xxcXZ3aHIwMVZVcWtaZlZ2dmdSV3NIVmdSOWJCQkppTGZvNmR4aF9GTUlsRQ?oc=5,Ofgem warns UK households energy trend is 'illegal' and 'dangerous' Birmingham Live,,
MENTIONED,5,Ofgem,Regulator,Google News: Ofgem,news.google.com,2026-05-14T11:45:11+00:00,Ofgem green lights early construction funding for key energy projects - facilitiesmanagement-now.com,https://news.google.com/rss/articles/CBMiwwFBVV95cUxOYXAtNTB4OHplUUhmNnNhOVVvWDBVZldlU24wbGYyV0g3WHJLVGhFRFZ1TVQ5bHdDZGM4VHZGRVhWQ3lSaWUtZXYxcktTTmthU0RDVXRkT2k5Z3U0ZXVCeXpPVjFWR2FTZ0xadWZJZ1hNeEhfT1N3ZmtDT0xTNThUc0p3U0ZoY0E0NWFnMWY5UzdTU25XdlFPMldkVmh2aWJvRnVWYkNaZTdUN3JTaHFCZ1pwczhKYzlBU1lfdFJaSncwMUk?oc=5,Ofgem green lights early construction funding for key energy projects facilitiesmanagement-now.com,,
MENTIONED,5,Ofgem,Regulator,Google News: Ofgem,news.google.com,2026-05-17T07:20:00+00:00,Ofgem shares three ways Brits can lower their energy bills - The Mirror,https://news.google.com/rss/articles/CBMieEFVX3lxTE5ONXZsREd6TmE0ZEFfZ3ZLdWYzOXZSWGcwNzFDeVBneG1qT0djRlRRTlFGWTVJM19zQWdER1ppVUh5SkctNkRzbTVPRFFVYkhpOFJZRktVaGJsczhhTVNLZWRnTUVNTjVpT1A5aEJYalZZSzhvbDdFU9IBfkFVX3lxTE55dUF6WTM1UzlGOWRYY0tqUHJiUWMtUXJjV2ZIVXlIMHptT1hwWDcxdW5OZ3pTeTJkeGU2aDR6cGVtVGVQOE5aaWZjZkRNNzQ3TlQ5b1ZTV0V3QXFsdkVLUXVPcU9mQUMtRmpfNmlIaXNLUTJwYXRFbVBqSkVJZw?oc=5,Ofgem shares three ways Brits can lower their energy bills The Mirror,,
MENTIONED,5,Ofgem,Regulator,Google News: Ofgem,news.google.com,2026-05-12T15:00:05+00:00,What does the Ofgem Review mean for retail? - Utility Week,https://news.google.com/rss/articles/CBMieEFVX3lxTE8zTHNnVS1ZeTVoQkd4WTdKNFY0QVpMeW9NT3JBN3k3WGlyUWlJU25LaVhvTTRhSGxsTDdpTGh5U3ozYkdTU1o0bS0wbEtfVjFYQjdwQjV3amRTSGtUTW40WVZ3bFpCTFU1NGNpY0lib0ROd3ROWXZuUtIBhAFBVV95cUxNZWw0emxXSVJpemxUeVJscUgzYnVQempzSndyYVFxRGdfR2hYcUN0OW5LTFFfamVOTzh2ZVZQb2FENFl5X1BYZnJBVXRoN21kd19QZUl3aEpwcEVTalRvTWpkVER3QzFyTXRBWDNZOHkxYzFKWmxMTGtxRl82N09fYnZrWjc?oc=5,What does the Ofgem Review mean for retail? Utility Week,,
MENTIONED,5,Energy UK,Industry Body,Google News: Energy UK,news.google.com,2026-05-16T04:00:00+00:00,Save Energy UK brings Cherries' Ryan Christie to surprise junior football team - Bournemouth Echo,https://news.google.com/rss/articles/CBMiogFBVV95cUxNMmFBMGNRdUROekhoWDUwMVFkWGVwd2UyM09yd3NQYmxlWjBnLU5ZUUdaekRqNmFMWXk1TTJzTlRHOXVfOFh5SjlXNFhlZEdGaFNxaUZXQUE1clNrUkUwaUM2U3Facm16NkZzemFxUWp2TEdxRVdxQmhQZHZrRjNVb2Rwb0Fyd3ROTUIwc1VWejRZdGlkUWwwRmpJQ2NHcnlvSFE?oc=5,Save Energy UK brings Cherries' Ryan Christie to surprise junior football team Bournemouth Echo,,
MENTIONED,5,MOSL,Industry Body,Google News: MOSL,news.google.com,2026-05-18T06:27:36+00:00,Tata Steel shares at record high but MOSL expects bull run to continue; here's why - MSN,https://news.google.com/rss/articles/CBMi0AFBVV95cUxNUjNTb0wtUFlic21Ebk9lbU5WVlgwRWsxdEh4ZXNyeUxHTGhtdHRMY0Z6R0oyZldiRkwyNGlqelp6YW10OW16T0ZCbnZoM1hPRVVKdHp6UzRoX0FvdDkzbzVlZ2RWQnRERWNaUFU3TnU1bms4SE5qYlpmV2VrQmViaEJlZ1RtVmZUaEZBMEx4am9IcVAtckp3SkowbWF1MnNlc0xoemx4VzFQNFpRWWlSYjlFTTJKVG1aVlJCbjNDS0xFR1hFVm5VMzI0b0E5aXJi?oc=5,Tata Steel shares at record high but MOSL expects bull run to continue; here's why MSN,,
MENTIONED,5,MOSL,Industry Body,Google News: MOSL,news.google.com,2026-05-18T11:08:28+00:00,Delhivery shares set for 22% upside as MOSL sees 33% EBITDA CAGR over FY26-28 - Business Today,https://news.google.com/rss/articles/CBMi2wFBVV95cUxNQnV0dXlOeVBQUThDWnFyLXRGSXdPXzB1QWhRVVRlQWtQVUlKSTdJYm1YUlBjM0t6dXZCV283WGk1aTNhVHBvUjFFWWxFWWtPa2xoTUx6ZzdfdFZqUWlRX2JIeE5INXRYblBkZjJNYXF1eW1nXzYzQTFKS3FlZm93bXpNeFdSZktibFNKTE5ZVE1idktIcWZnd3lLLUp6dVlheXcteFpoZU1KWkE1aWREVFVadVFEYW9jaHQ0TjVDcG5JVEVvakE5YklRQnNac3NVVTVnT0dZd0VMdUnSAeABQVVfeXFMT1RCZ09aeS0ta2FnWHRnTWtuY3EwMUtyeU8taENuMTNxenNLdVhNVzIxcno4SExfb3VRYmFXakU2bFlTRkZmTEhvdGtzYUExN3FSQ0xFWHRvMjYxb0c0RHRrbmFtUjVCeWp3TkxjaFFzYXh3ZGVxWEx2Z00yd2hlSy1nOHlwLVB2ZDZ3bGpCQ09GMDlTNXY1VlNnZUVyYUlkWU13VVdOaUVJb20zN2ZxVmNtMnpfX1JHekRLeFpIX1I4VFNERHF1WGl2SE5xZ3BtR05DUXBMU0M1VFZDVHBlSkk?oc=5,Delhivery shares set for 22% upside as MOSL sees 33% EBITDA CAGR over FY26-28 Business Today,,
MENTIONED,5,MOSL,Industry Body,Google News: MOSL,news.google.com,2026-05-18T05:44:13+00:00,VIP Industries share price in focus: MOSL bullish on luggage manufacturer despite weak Q4 results - Here’s why - ET Now,https://news.google.com/rss/articles/CBMi9wFBVV95cUxPQ2lnUjZtMEhXbmlVZE1hdy04QjE3Q0NlWkdISnNEOGlOVW1mN1EtNHhCbXJDcDF2cDJkN2w0TTdaLVktQnQ0UmlSTHJXeUJYdTlyeDJUWlo4b2NRZ3pBZWNKMU1UTmlhY3JoMHBsN1F4Mjg2RUxDLVViaVhjc25UR3JESXZhM2xEaGxUWV90dEZRNWF3OUljMXpDREtOV21ZOWtVeGdwUWlESG9kVU91emhCVDdzQ2tlRG9jcF9HZkNNRFBBZjF6elI1NFRIV3dpTk9iSnFIOGw5c2RzT0ZMZTIzSU5xNThyc1FnR3I0VnQ3WXVjeFNZ0gH3AUFVX3lxTE9DaWdSNm0wSFduaVVkTWF3LThCMTdDQ2VaR0hKc0Q4aU5VbWY3US00eEJtckNwMXZwMmQ3bDRNN1otWS1CdDRSaVJMcld5Qlh1OXJ4MlRaWjhvY1FnekFlY0oxTVROaWFjcmgwcGw3UXgyODZFTEMtVWJpWGNzblRHckRJdmEzbERobFRZX3R0RlE1YXc5SWMxekNES05XbVk5a1V4Z3BRaURIb2RVT3V6aEJUN3NDa2VEb2NwX0dmQ01EUEFmMXp6UjU0VEhXd2lOT2JKcUg4bDlzZHNPRkxlMjNJTnE1OHJzUWdHcjRWdDdZdWN4U1k?oc=5,VIP Industries share price in focus: MOSL bullish on luggage manufacturer despite weak Q4 results - Here’s why ET Now,,
MENTIONED,5,MOSL,Industry Body,Google News: MOSL,news.google.com,2026-05-18T05:46:07+00:00,"United Spirits share price in focus: Brokerages mixed after Q4FY26, Citi suspends rating, MOSL sees 13% upside - Check target price - MSN",https://news.google.com/rss/articles/CBMingNBVV95cUxNc1Jud0V6U2J2cmt3QW11QUFzZGpPa3VrWXNDU1NQOVQteDJXRTRWT3RZbXlrQmxrcW42a1Z1XzcxeDVNV3hiVGROQzRaREhfdkk2X2UxZ1Y2UFlKQ2FFRU82WXhzSHAxVVhwUjl4MmR4NlItN19VREpwUG92Nno5UmFWZnh5bHgzSlRYZlNvZGkwTWlXb20zNHNCemlTbVhxbVh0bHpuclR0eDZoRmNBYjZuSGdYU3ZoblozOEw2bXJERVNpY0FPbHpCWFJHN3o4Z3R1QlFCYVJIdXRPWjI2WXl0cmtCX2EzWDZoOERXQk42NWpyRGdFVExFUVJ0ZTFrTVU5c1dlNHR0TmxseDFSajhBakxHTnppenlYb3F6ZDc1NHZCTG5YMFZuaHZ4amduQXdSdWhQQWJtZjIyaDNzUDBSYWdudGoyRWRHeFRVRThod3RJb2hNRVh6bDdPMVBfbUhWVC1jMEYwTlBYUkdiMDFlZE9seG5TbkxpMnhLMG92RlpSUkRscnhqN09nN3FvZDZYU1phbUlRX3dHSWc?oc=5,"United Spirits share price in focus: Brokerages mixed after Q4FY26, Citi suspends rating, MOSL sees 13% upside - Check target price MSN",,
MENTIONED,5,MOSL,Industry Body,Google News: MOSL,news.google.com,2026-05-14T08:07:30+00:00,"Multibagger Stock: 538% return PSU share; upside up to 18% for PFC after Q4 results - Check target by Morgan Stanley, Emkay, MOSL - Dailyhunt",https://news.google.com/rss/articles/CBMiqAJBVV95cUxNa0s1OF9Yd3FaNlRZWmhDMXVoU0hZOUowM3MxM0U5dE80TlppeElWTWdiZkpCWjFMUjJZM3U0Qmx1Q1hiUDJjSWFkOVFtZ1RkNm9QNGQ3SEI4MEE3N0FEcFU2MHR2MllMLU41QWltaXEwdEdTMWhPYVJHVGpHMnpoVVF6Sm9KdW9fTlBuanBuU0hTVlZfdmNVSVpoZlFPNG8wMkdTOXR5bFpjcVR4bFpWOWEyY3RLbTdvZ1VmYTNpQWF2ZFRMakRuZWVfN3V3MGVrLWE3WExSd3pfN2tLeUdwVHZ1SmtseVhWRXZkbklUNWtCUDFyRmd1SkpTeVc4VFhZR29WSlFBSlJqaXBKTmpqUEN4VGFnc1dNUTI4ZnJfOHM2LVV6TG5KYQ?oc=5,"Multibagger Stock: 538% return PSU share; upside up to 18% for PFC after Q4 results - Check target by Morgan Stanley, Emkay, MOSL Dailyhunt",,
MENTIONED,5,BT Group,Telecoms,Google News: BT Group,news.google.com,2026-05-18T08:20:28+00:00,BT Business collaborates with Accenture to supercharge AI deployment - BT Group,https://news.google.com/rss/articles/CBMimAFBVV95cUxOZWVSRGx1VHJWN2xqSUlwMU1pQ1BvbkZBa1ItNlE1TFB6aUJEc1RVX3lRc3I1NDhGamt6NGgtNTk5S3JwU0FOQ21KSW1vRFQ1Sjd1NDJ1ZXlxeFNKSG1WX2piV3RLNTgzd0tlUHRVMERWU1d5cWFOMzhyelRDYVhENFFVNnFGd2NMVlBkaTROVzN0eUZzODE2NQ?oc=5,BT Business collaborates with Accenture to supercharge AI deployment BT Group,,
MENTIONED,5,BT Group,Telecoms,Google News: BT Group,news.google.com,2026-05-18T15:55:19+00:00,"What’s up with… BT, Verizon, AST SpaceMobile - telecomtv.com",https://news.google.com/rss/articles/CBMijgFBVV95cUxOOXVJTXhzbmtUQnh5aTJIVEdUX3FFUDhRMkVXbWtWWjNxSTNaNFozNy1FX1B4LTJfTFViV0VHc2RuYnZPb3E1VVp3RU5hM0U3eUJiTDFPb0Rvbjc1Q2lWcmxzNlZaTmxrRzNOWnpINmtBZkNvaTJybVpIQUNrUkpIWWlGZ0NfWHgtLVJQUGh30gGTAUFVX3lxTE1PMEs1ekRYMElCTXFBMjRmQUlXczBEcE4yS0NENnV4ZTBNcnJfS0J2VXcyLXZrWTlRXzZvUllGb1JBNklpZTRQUko5YUFRcEdXVmp3Ny1yZ29QTHphaFdyTFRjdEdyM254S1o3VG9HNG5EU2g2ejZRc0VZb29IaTl1VU5hc2dXamtLU2JVZ3dRdXJ6MA?oc=5,"What’s up with… BT, Verizon, AST SpaceMobile telecomtv.com",,
MENTIONED,5,BT Group,Telecoms,Google News: BT Group,news.google.com,2026-05-18T15:09:52+00:00,BT Group discloses director share purchase under employee investment plan - TipRanks,https://news.google.com/rss/articles/CBMiwwFBVV95cUxOd2xoemN4NDZyeTBIdHAtbmpuYWstV3FmLVU3Uy1TQVBkaFctbmVzZnUxSjZhZXV0X0RJazlIaWU0cUpENkdyalJuSVBGNldVaW1ZTU81eVRFNVJtQk9rOGo4bW1sSm8tWUk3MldZOGF3ejdFLW1QaDIzOXVjTzV0Q05ZMjBDenBYMGVHa0gwSWc1b2pHMFl6ZzdQX0t4eTVuZXp5QnFhRGdmaklMdzBjRDUzQVpLNHpHM3AwaTNZM1JSclU?oc=5,BT Group discloses director share purchase under employee investment plan TipRanks,,
MENTIONED,5,BT Group,Telecoms,Google News: BT Group,news.google.com,2026-05-14T12:33:15+00:00,BT pens deal to provide secure connectivity for BAE Systems - BT Group,https://news.google.com/rss/articles/CBMijAFBVV95cUxNTmNINjBxWnFOdVFWZ2tZdkFhMkpDMTlRNTBBSl9uaTZUY01WWVc5c3JRcWE5X256dnRkRmVrel84VU5yblRNM1EzeHpTcVFNaU5YeEFPZFdhMW5VTWVfVEM2UlYtZTNPLTVVaWlETlBDWTF4TXNnTVE1LU40dmxTZWN0ZWFjZlVKcFlhNA?oc=5,BT pens deal to provide secure connectivity for BAE Systems BT Group,,
MENTIONED,5,BT Group,Telecoms,Google News: BT Group,news.google.com,2026-05-18T01:55:28+00:00,BT Group stock (GB0030913577): Broker upgrades lift London-listed shares - AD HOC NEWS,https://news.google.com/rss/articles/CBMixwFBVV95cUxNN2pWZWdmbFJ1bFJ3ZzNFVGJuM0YzYTNXbkQ1LUlIY2NmNG9nTFFDSEVfWE85OEw0V1g5ZjVaY203VkxWeDVHNUQwbDRiTVVFcy03eldkTUVaUzAwaDJWVGJrdDd5LUpKX3cxejVOLWFZa1BiNnlhaGpuaDRtRUV5Y1A1TzJhZjU3SE9BMHl0NkpEOGpSQklnRkFoelExV1hEOFVrcDBobWNrU1hZR2gxR2YwRXZuc2pHeFdZTmV2SXhRQ2ZjTkgw?oc=5,BT Group stock (GB0030913577): Broker upgrades lift London-listed shares AD HOC NEWS,,
MENTIONED,5,BT Group,Telecoms,Google News: BT Group,news.google.com,2026-05-18T07:20:14+00:00,"Berenberg Highlights Outlook, Dividend Clarity as Key Focus for BT Group Investors Ahead of Fiscal Q4 Results - marketscreener.com",https://news.google.com/rss/articles/CBMi5wFBVV95cUxQaWpqdldfRnJXY3A0dV9IekNNZ2ZWbmVsTW5DVTJuU0JPNE9vYlhybjVfanVlWWU1MTNhU0dWYXo1aFBEZ3Zaa1VxX2VmbXl5cTNhbmxoM2J4NXdUbzVSTGdBOWlZaVFETGdVRl90cGozUW1xQjBXemNzOTlvNFhGX01mZzFkLW4wWF8xXzhkU0hRYkxFY2hmOHVUbzlDd0hWZHAyMTV6bWotTlZnVmNFRktCa2l6eUJrUG53dEY5bFFpeDRsS1VzSFBvNVF6R0k2RDRpeTdQeEg0eERiZl81OGMwMDFNYWs?oc=5,"Berenberg Highlights Outlook, Dividend Clarity as Key Focus for BT Group Investors Ahead of Fiscal Q4 Results marketscreener.com",,
MENTIONED,5,BT Group,Telecoms,Google News: BT Group,news.google.com,2026-05-15T13:07:00+00:00,"Week Ahead: M&S, easyJet, BT, Currys, British Land - Interactive Investor",https://news.google.com/rss/articles/CBMimgFBVV95cUxOWWdEMTdCMGNWaDY1Q1dCOTBuTDUtZ1l0Vmw0cDFNN05rZERwQTN2ckJPeDNnMjFadG5JSlBQX3BLeVMwTWRSdjktd180Z3hiWGdGNnM2QmIwQjFEVWtKWm4xcnJRWEpoV001U01QOWVkVkdRbW5MQmlhNVItMlZFZDZUWk5Nd2duR3drRnVBaUtqejhGZFdoc2R3?oc=5,"Week Ahead: M&S, easyJet, BT, Currys, British Land Interactive Investor",,
MENTIONED,5,BT Group,Telecoms,Google News: BT Group,news.google.com,2026-05-13T10:45:00+00:00,"Up 45%, how much could £5,000 of BT shares be worth in 12 months - Yahoo Finance UK",https://news.google.com/rss/articles/CBMid0FVX3lxTE11UzNqbkZPUHk1RTJwTndvdWdqcWFhUGtQZWNsUHFqLXdwYy1VMGoyUXJ2Q0UwZjZyTnlXbk02ekVNS1YzX2czREd1UTY3U0paczZuSXFyNW9BYWRuZzNCVHZ2X1BLLWQweXZlVXF1b0lOOERZc0hv?oc=5,"Up 45%, how much could £5,000 of BT shares be worth in 12 months Yahoo Finance UK",,
MENTIONED,5,Vodafone,Telecoms,Google News: Vodafone,news.google.com,2026-05-18T04:50:00+00:00,Delays near Vodafone HQ as A339 lane closures announced - Newbury Today,https://news.google.com/rss/articles/CBMiogFBVV95cUxQZjRYdUFwc2xLaTM0UUlMeW5TcXg4ckxuUkpHbHBDcGs4RElNNG1DUkJOXzB6NExiaU1VWGFvSkt3TUd2dVRVN1BjREtLVDAtOTBjVmtNTEFfcXN0RE56U0M1SEtFQzBWNnRhVmhweVhUMzh6WlBfQmRiVm5JN0p1NU1MR2ZZdFlJRF9ZRjAyRFh1OWh6VW9vRmw2UlhWX0ZjNVE?oc=5,Delays near Vodafone HQ as A339 lane closures announced Newbury Today,,
MENTIONED,5,Vodafone,Telecoms,Google News: Vodafone,news.google.com,2026-05-18T11:27:00+00:00,Vodafone UK Deploy New Mast to Fix Long Running Mobile Problems in Tenby - ISPreview UK,https://news.google.com/rss/articles/CBMiwAFBVV95cUxORGZEdk9ZdGRQQVBmZ0FkQWp4UFV1YmZnMVRkQ1RNM0llbGdpeWJQMEpoa2tMeEpWaGVXanRCVndVeXJXblpadnBfcVRIUlY4bzRyYnBGWmhJV1BqbHVXcW9sazhWNmdtRHUyNlYteHNPR0JhUk1hUWh6SUQzQ2F4MWRoUUhWZ1JBOHVMbndIUnZqSjNXZ1lTZzNZeUhFUk5DMUJiOUd1NDIwM194c2F1eHFWeEFGRlhlcmIwOVdwT3A?oc=5,Vodafone UK Deploy New Mast to Fix Long Running Mobile Problems in Tenby ISPreview UK,,
MENTIONED,5,Vodafone,Telecoms,Google News: Vodafone,news.google.com,2026-05-15T09:47:00+00:00,Vodafone Group Makes Several Key Board and Committee Changes - ISPreview UK,https://news.google.com/rss/articles/CBMisAFBVV95cUxOd0FsMkRJcUFBTFZ3S21ObHYzb0F4cWdKVkJ2NlFvLTZhU25Ib05NSzNtSkljWFE0Q1AzOERrYTVHRWltRUJDSVBRT0Itc3FrUkFpeE03dlpMaGdVWmNrbXd3RFRucEIzUGhRMVphSkllQVNxODMzTG4xck5ZNVVKczJCenkyclNXSGJOekpYaEhlRC1CSVFQM1RuTndtSkpMcTBCbXVNZmJSZlp6YTlrRQ?oc=5,Vodafone Group Makes Several Key Board and Committee Changes ISPreview UK,,
MENTIONED,5,Vodafone,Telecoms,Google News: Vodafone,news.google.com,2026-05-15T08:50:13+00:00,Vodafone aims to make headway on federated European edge compute architecture - Telecompaper,https://news.google.com/rss/articles/CBMivAFBVV95cUxQTlIzNDVQMVkxTGlNUnhUMHJ5UDhJNkZKUE1FUE9UY0dQc0RpSjAtOTFCU0poZl9rUXc2Rkg2V0hINElUbFp0anVjdG9XLTB6SUM0SVlEYTJ3bHh2RTFwQ1JJSGRYUENLMTlLNEMwaGNjZzVsODB6SnNzS01vbE9BQWxjYmFXa1d3czdMOWRyazVkdFgybzdUV0h5YnRyM0QwbzNoS0xwWjBBVHNRNS0zdXU5UTdDUXNaQi1sWQ?oc=5,Vodafone aims to make headway on federated European edge compute architecture Telecompaper,,
MENTIONED,5,Vodafone,Telecoms,Google News: Vodafone,news.google.com,2026-05-12T10:38:27+00:00,Fairly solid Vodafone numbers fail to impress - Telecoms,https://news.google.com/rss/articles/CBMikwFBVV95cUxQYktpdzU1azV5Ry1Fdm84X1RvOEdTRFFHUUtYbkFFZHRmYWttMWdMcW8wZEh5dWV2UEhDaU9rN09xY2VkTWQ4dEVTU2VuWEV4VjR0WVFKYktIcHBuVDZSTFNCckJsOF9qR2hZWkpuQ2lURmhTakxmNlgxRTlOYkpKWFl4QTJaSFFmcGtLX3IxWDVtaGc?oc=5,Fairly solid Vodafone numbers fail to impress Telecoms,,
MENTIONED,5,Vodafone,Telecoms,Google News: Vodafone,news.google.com,2026-05-12T10:03:38+00:00,Vodafone sheds 127k contract users but loyalty strengthens across consumer brands - mobilenewscwp.co.uk,https://news.google.com/rss/articles/CBMiwAFBVV95cUxNVldzUFp4X21jQU9waHo2VEZqcXlaX0w5UVo5ekxHaUtpRkJodDRWREdaV2RnYnNvSWVwUmJ1TEJnYUtPdmxFeUY5UUtadUNhZDBWcHVQVW43b2RFV0RpdTdQaHZ6cWNTQjJmRktra2hxYjkyV0lxRVRORjlzd09aWmVQbUhYVFhEZnVsV3F4bGpPamstNEFQSjlkckdXVUVjSGhVMVRKbzJkdFlkdV90Q1o3b25ZRFlHVG5aYjhyWXk?oc=5,Vodafone sheds 127k contract users but loyalty strengthens across consumer brands mobilenewscwp.co.uk,,
MENTIONED,5,Virgin Media O2,Telecoms,Google News: Virgin Media O2,news.google.com,2026-05-15T07:00:00+00:00,Broadband Deals for Pensioners Explained - Virgin Media,https://news.google.com/rss/articles/CBMikwFBVV95cUxPZm9KQ0tYdmJveUs5eVVaUkZrUkhXRmpZM0lMSGtBSkZ3RVZqOHdnN3FVUkV0REN2c1VBQnpITExJeUdIaDd5LVc4RjdoYU5BNW9uMHVrVXNTMktEcUgxY0xKeGlSZmhJdmdrVXp4djVYa1F0SEdSQUx2bkQzUm1KazZIVkJLMzBIal9jVzBGVmlpM1E?oc=5,Broadband Deals for Pensioners Explained Virgin Media,,
MENTIONED,5,Virgin Media O2,Telecoms,Google News: Virgin Media O2,news.google.com,2026-05-13T12:37:00+00:00,Virgin Media customers warned of accounts being locked as Brits face bizarre block for WEEKS - The Sun,https://news.google.com/rss/articles/CBMiigFBVV95cUxNTFNQMmpPcGt2Ym9XdzdkSXJHc0lJR2lxRFJydHlfN1ZCaFJYY2VLZkVQVmh4c19teVdhZGFwWUwzaDlWLXM3TEpJLTZJUlhsN3NUNGVOeUc2TjR6QnhSS0xLaXc1ZHRjRXNySmVidU1RUVNyVG5Xei01VFMtaTNUZllFU1FTbUNNTnc?oc=5,Virgin Media customers warned of accounts being locked as Brits face bizarre block for WEEKS The Sun,,
MENTIONED,5,Virgin Media O2,Telecoms,Google News: Virgin Media O2,news.google.com,2026-05-13T07:00:00+00:00,Virgin TV Go: simple tricks to improve your TV life - Virgin Media,https://news.google.com/rss/articles/CBMiuwFBVV95cUxORHU1aDdjN2w1M0RNWXk0Ykczei1XaHdDNE85NWFJQ2RndUFwYW1WU2hiTU9vV21ZaFNjOXNaYjVMQ0JXZlZhLU5BTy13QjFKbWN2MmtuSFdmY3NsbE9rcHh4RWN4SktuMVFjMVVjQnprWkpIbW16SzRMOFI4dThnWlQzT0hYRXpXLWQ5NHNZTlgzQnRmQ1pVYTF3eWNxdU1hSGl6TTVMRjdLOHM5Q01ORVpiVmd4dnEzV2Rr?oc=5,Virgin TV Go: simple tricks to improve your TV life Virgin Media,,
MENTIONED,5,Virgin Media O2,Telecoms,Google News: Virgin Media O2,news.google.com,2026-05-13T07:00:00+00:00,What to watch on TV this week: Wednesday 13 to Friday 22 May - Virgin Media,https://news.google.com/rss/articles/CBMihAFBVV95cUxPb2RTS0dRbDViR3oxR3V6MElTcS1ndWtrVFlkeWxzdklLaXBYSGcyZEREOTJsWnpMUng4YzZzZWN2QTExWF9YYkhsajJDVGZheW1DMmlFbTJ3cW80ZTd5RDhqQlRjclJzR2VLcVJsLVVSN3piNGxranhVRFJONGU1TWU4a28?oc=5,What to watch on TV this week: Wednesday 13 to Friday 22 May Virgin Media,,
MENTIONED,5,Lyca Mobile,Telecoms,Google News: Lyca Mobile,news.google.com,2026-05-12T09:27:12+00:00,Lyca Mobile hires former footballer Andy van der Meijde as brand ambassador - Telecompaper,https://news.google.com/rss/articles/CBMiugFBVV95cUxOYU5faUVEU3lfODdKZGhNMFVjX3RPeVlRb2RKNVJVank1akgyNHl5SUU1aU9DUUlZN2VWbVpPYU50WFdsOGZURjMxZ1dfNVB4RTk5VlVYdWNXOVBNZ0ZVOFdmTndERmEzV3VOaFhhN0ctUk5odFVVNWpmRVpCZ19pQk1hT3B6cUsxUlo4c25rbkxhT3U4U2pRMVNHNW92elYzNFJ2UTRzZWdXSFpYNVpMeUZKSlJsUTlQR3c?oc=5,Lyca Mobile hires former footballer Andy van der Meijde as brand ambassador Telecompaper,,
MENTIONED,2,National Grid,Electricity,Guardian Business,theguardian.com,2026-05-18T04:00:59+00:00,More than 100 UK datacentres plan to burn gas to generate electricity,https://www.theguardian.com/business/2026/may/18/uk-datacentres-plan-to-burn-gas-to-generate-electricity,"Requests for gas connections by operators amount to more than 15 terawatt hours per year, endangering climate targets More than 100 new datacentres in the UK plan to burn gas to generate electricity, some potentially doing so permanently. British officials say this is an inevitable consequence of a years-long wait to connect to the National Grid, and raises an “interesting question” about the UK’s climate targets. Continue reading...",,
PRIORITY,11,Thames Water | Ofwat,Water,Google News: Ofwat,news.google.com,2026-05-13T15:00:00+00:00,Ofwat 'crucial' consultation on new reservoir asks if Thames Water can deliver - Herald Series,https://news.google.com/rss/articles/CBMiogFBVV95cUxNTWJubHhoVGhFZVkxMEhCZ3BjQzhFbWNRSG4yZlI4ZWlLWnliT3MtNW5meFhzTENicEw3RGhxWXNCV0h4eXFocWtCRUlHbEE4NVV5QTg4TTBwTzIwM20zcEZSNnJyMFBRVENjSVdWWW5iQ1RVWU1iNXA2SHNUcHVacXcwbWlqaFlNR3lITEpmeF9ZR0VvWXhnMzBEMGZ4b3dybmc?oc=5,Ofwat 'crucial' consultation on new reservoir asks if Thames Water can deliver Herald Series,regulatory_and_compliance,
PRIORITY,10,Ofgem,Regulator,Google News: Ofgem,news.google.com,2026-05-16T04:00:00+00:00,"Ofgem closes investigation into British Gas, warns of 'shortfalls' - South Wales Argus",https://news.google.com/rss/articles/CBMilAFBVV95cUxQdllOQUJUam00ekZvOEpGaVoza1VEcmlUYk9UdndHclNnb2lSQlo2UVV0QzJPNU1wcXdNcDNzMGR6WkV4d1YtYXRBTE1yS0tURGY3czd4NnVPY2JxSWNJMks2WlUwTEdiUmx3VThEVFRsNzU1SHVyZkdPM1h3Mm5uXzR0U0xkZUZuXy1CcHhPM2VYSW1n?oc=5,"Ofgem closes investigation into British Gas, warns of 'shortfalls' South Wales Argus",regulatory_and_compliance,+3 other outlets covered this
RELEVANT,9,United Utilities,Water,Google News: United Utilities,news.google.com,2026-05-18T03:07:32+00:00,United Utilities Group PLC stock (GB00B39J2M42): equity raise and results keep UK water utility in f - AD HOC NEWS,https://news.google.com/rss/articles/CBMiyAFBVV95cUxQaHhqLXRnUXJSX1FYTllZTnJlVHdCd1daaFlDS1lUc180ZkZMSlZ5bHM2YmZSUkVxTzhHZmc2QTNLMko5aFN5VTRWZDNNVEx0T2RJTHNFeHRuQTdEbUlUbzRTSURXX3VJS2o4aUE2RjlsZm9YNHhOX2F0QlFpamJ0dVZ0QVFyMXZrR3g4TUNsYlZ2UXFtNEhuZFkwcTN4ZGxLOTJydXdmdmZnQmNwdWswb3RjM2Ffem03aHFBS0xWc1RaZjVhU3FSNg?oc=5,United Utilities Group PLC stock (GB00B39J2M42): equity raise and results keep UK water utility in f AD HOC NEWS,financial_distress_or_crisis,
RELEVANT,9,South Staffs Water,Water,Google News: South Staffs Water,news.google.com,2026-05-13T04:30:56+00:00,South Staffs Water fined £964k after data breach - Personnel Today,https://news.google.com/rss/articles/CBMiigFBVV95cUxPTHZlUEw4NlY2d3FDQ01TZjQ5QXc0SEF3NXJHZjFRRDUtQ2pxVS1BVTJzamw0QzhwTHQ0aHpFc051ZnN4eFNRd3pIWlh6NVpkY0VHUE1RdktBUFZaMl9ocEhfS0VPRUhoWTJsZ1BENTFoaXlIMkt1SE5QV0wtTE9vNEpKeHd1WlFXRXc?oc=5,South Staffs Water fined £964k after data breach Personnel Today,regulatory_and_compliance | technology_and_data,+2 other outlets covered this
RELEVANT,9,Scottish Water,Water,Google News: Scottish Water,news.google.com,2026-05-18T14:43:34+00:00,Scottish Water confirms RSE for major long-term infrastructure transformation - Larder Magazine,https://news.google.com/rss/articles/CBMipAFBVV95cUxOY01yaG50R2xhcnIwMDN1WmhndUU3b1lQWVV3TWJrQTF2OHd1bVNQaXBzMlYydk5vaHZkRHNjNjhnN2hscFk2aURnR0thNEFTQ2pvT1BmWl9QWllaaUZ5aEdQYVZwWmRxcXozb0tERFRvY0lqOUNFcmc1NHYwZEtKRFZ6QmlXN0R4YWVsUmNTM0tXdG1NMkEwdV9vOVRhN0hEakZzeg?oc=5,Scottish Water confirms RSE for major long-term infrastructure transformation Larder Magazine,strategy_and_transformation | media_and_events,
RELEVANT,9,Ofgem,Regulator,Gov.uk DESNZ,gov.uk,2026-05-18T11:00:08+00:00,Notice: Bill discount scheme: administrator update,https://www.gov.uk/government/publications/bill-discount-scheme-administrator-update,Ofgem has been appointed as the scheme administrator for the bill discount scheme.,leadership_and_governance,
RELEVANT,8,Ofgem,Regulator,Google News: Ofgem,news.google.com,2026-05-15T07:39:50+00:00,Market Watch: British Gas to pay £20m to Ofgem redress fund - Aberdeen & Grampian Chamber of Commerce,https://news.google.com/rss/articles/CBMimAFBVV95cUxPc29MSldoRHBEbVNPMXpNS3RxVm04MElNNmE3Z2xsNUVZLXc1eElwT1dJTUV2NmJDY3pBX2pUcklQNXl5OUtILUkzUExGY3hfSlFLTXN6MmpRcFFCbmR4Z1VtbUZVUjVwVzVvckdWYTZhSDdjMk1kdXlrNHhTcW1ta1BhdzN3ZEtNZVNwcHFGalhncDBvLXBocw?oc=5,Market Watch: British Gas to pay £20m to Ofgem redress fund Aberdeen & Grampian Chamber of Commerce,,
RELEVANT,7,Thames Water,Water,Google News: Thames Water,news.google.com,2026-05-17T17:45:00+00:00,Thames Water investors fear zombie government will derail rescue talks - The Telegraph,https://news.google.com/rss/articles/CBMipAFBVV95cUxOZDNJQ3c3Ujhtc2w5MV8zT2lTa2lYVGlyZDNOQm9RT1lKQ3dDZmhpYVBOYUFMNmNhVGFmNGZoY1NWSFlLOFlmcC1vV1V6d2IzT1ZSdGRLdmEyNzhjT3Nya2k0YTZZa1dkd1QzYkhGeU1ZQ0RNVDhsaC1ZVjFQdkgxODJyV1l0ZVZSSGp0NG9mRi01R2NXQ0FwX0pJUGdxQVBqemh2Ug?oc=5,Thames Water investors fear zombie government will derail rescue talks The Telegraph,financial_distress_or_crisis,
RELEVANT,7,Thames Water,Water,Google News: Thames Water,news.google.com,2026-05-16T21:00:00+00:00,Thames Water creditors fire warning shot at Labour - The Times,https://news.google.com/rss/articles/CBMioAFBVV95cUxOelh2YnZqV3JtaXlhMGpUUTRhMWF4LTJQbXZ4VXZVRDZvbmlfRFAtNGhfbk5BRktfRzJOOWl1eENOQnVianBINTFhWFYtUlNMbWlvMm5aa3htUG4wM1ZzVHI1Z0dILUszNlBqcHgwY0VtWHVIVEg5Q2hPWW13YTBsU2dZamZQbVpGcElZSTQ5ZWJ1R28wNkhxWUtTZHlFVF9P?oc=5,Thames Water creditors fire warning shot at Labour The Times,financial_distress_or_crisis,
RELEVANT,7,Scottish Water,Water,Google News: Scottish Water,news.google.com,2026-05-17T03:03:06+00:00,Scottish Water Awards £50 Million Contract For Advanced Metering Infrastructure For Non-Household Customers - megaproject.com,https://news.google.com/rss/articles/CBMi2wFBVV95cUxOdmNCNXltRFJHWHFoTGhXMnZ5QmZEd1V4bERBNUtsMC1halNUWVMxUU84OEFyWkQ2dG5GbnhNYWNLa2c4SXJyVjNxeGdtVnhNWUpYUG1qQjF6LWVEbUQ4SnM2aEthWk1UN2VwZ1hQenlIZVBfT0xuXzZxSk9TOHBRSDZ4ZEhHRU5wb2R6UzhSSkRQNnQ1dXNMOF9UYWVDQ3lWYm10RDU3OGl5aEJXUjk4WXVELXMzVWVReFo4M1lINUVqbXM3V2N5cE55TV9pclM1TFoxM1FmZXpoV0E?oc=5,Scottish Water Awards £50 Million Contract For Advanced Metering Infrastructure For Non-Household Customers megaproject.com,media_and_events,
RELEVANT,7,Scottish Water,Water,Google News: Scottish Water,news.google.com,2026-05-11T19:46:24+00:00,£35 Million Investment Strengthens Water Network Across the Hebrides - Scottish Water,https://news.google.com/rss/articles/CBMiywFBVV95cUxNQ1NlREM2Zkd3YlRsUUMtYWZPV0N6WjVwT1VaVlhfdW43c0EyQmk3RnBDTUl0R3huRXFzb1BxeFRuVmVCVVhPZnpCM2pha0Y3MXd6RHBRTzZ5azFhNGlWME5hZ0dUV2NtSzl6b0pVSnMtOHhYUmVJMWlEcDZCRWNxbGZjdV9OaWxsOVVqN2RwdFI5dnJyeXFmTXh0bkJndTlyQl9SS096OW9ISk1OamxQdXBkMVdjYndyemxLX2lMS1Q5ekQyMmd4WXVqTQ?oc=5,£35 Million Investment Strengthens Water Network Across the Hebrides Scottish Water,media_and_events,
RELEVANT,7,National Grid,Electricity,Google News: National Grid,news.google.com,2026-05-14T08:20:32+00:00,National Grid Reports Higher Operating Profit and Unveils £70bn Investment Programme (NG.) - Yahoo Finance UK,https://news.google.com/rss/articles/CBMikAFBVV95cUxPX0t0ZmhjckR2bFJmQWFGZ2hrazdjN3lmTVpTMGQ0SlE2cXhIV1Bmend4ZHA4UkJWaTBPbG5OUUI4NVFUdURTdDFJQkwxdFFvNEhSLWJTdE5fZm9RQ3JyUjVVQ2FPaXIybHEtcC15cmxOMzE3OV8wN1pScFFzMFQwTWw0a2xheDZGYlN3OWJ1SWs?oc=5,National Grid Reports Higher Operating Profit and Unveils £70bn Investment Programme (NG.) Yahoo Finance UK,investment_and_capex,
RELEVANT,7,SSEN,Electricity,Google News: SSEN,news.google.com,2026-05-18T12:57:00+00:00,"Longman businesses hit by power cut, says SSEN - Inverness Courier",https://news.google.com/rss/articles/CBMimgFBVV95cUxNWmwzeWdoWEp6OWYzNG5RR0x3SXltUHlzS28zTXVaVFRjUU1CZVhSc2l6YXl6QVIwMXM2VnFKLUFwVzZ5MEFjMllJb2psVEZUSXdJSkJFbmJlZUFoT05Namp6OTJhaUNsRDB0b0lWV0EtaEd3TjFNMEhGWU1rNmdYUEdULUR4bEdwSVRldnJwMTlOdUJxbXJXcDFB?oc=5,"Longman businesses hit by power cut, says SSEN Inverness Courier",customer_and_service,
RELEVANT,7,Ofwat,Regulator,Google News: Ofwat,news.google.com,2026-05-15T05:00:10+00:00,Ofwat launches consultation on PR24 delivery monitoring framework - Water Magazine,https://news.google.com/rss/articles/CBMirgFBVV95cUxONmZRZmZ2T0RsaWxtQnI0RXY0dTZWUHFDcmdSbS0tSWtGTllCNVlDWkFJdXQwNWtURU1UeXBVWl9JMkpwcjNTNlJwZUw3b0E5eURJa3d3U3lRbUhFNnBtQVQ4QzJTQnpRQUdmNEZVOERTbkp5VHFoaHBINmVvLTZTU0ZPV3J4S1MyVjFfaTFLc3MyMUlMNldjZURNcUY3UUg2Q0w4TUdhblU3RlZBc3c?oc=5,Ofwat launches consultation on PR24 delivery monitoring framework Water Magazine,regulatory_and_compliance,
RELEVANT,7,Water UK,Industry Body,Google News: Water UK,news.google.com,2026-05-18T04:15:06+00:00,Water UK appoints alternative dispute resolution services provider - Water Magazine,https://news.google.com/rss/articles/CBMirwFBVV95cUxNUk1XVk1GaER1MEt1MFpSMElpWWp2QmRuUVc0VGc0V243SGhSLWxWd3d4UUlsc05JdEw5dXJ5OFBZZE4xNXV1bjMyMWxEcGVYVElUc2JmUjhKbjdJZmh0SHUtRHVBako0RWtkY0UxMmgyYktnS0pGczRidVRSQmxnd0dnY3BuREJveTRENUpBeDlaVVJES1FUd05FTzBfZTVVRXVPSDhUWmpacVVBekNJ?oc=5,Water UK appoints alternative dispute resolution services provider Water Magazine,leadership_and_governance,
RELEVANT,7,Virgin Media O2,Telecoms,Google News: Virgin Media O2,news.google.com,2026-05-18T15:55:30+00:00,"DEAL: Virgin Media offers new customers an LG 43"" 4K TV or £150 bill credit on selected bundles - Virgin Media O2",https://news.google.com/rss/articles/CBMixAFBVV95cUxQX281WDlNbEpVMnl3M29mdGNRcmlVWFdFS1dXNmVVaTQzc0Z4TFYwY0pwbnBiZGNZbU9qcTlPVzY3RU5tMTIwcWJvaG1kMmhodnZnMXh4Q1JIWFZ4TmR2aWpIOWp0UG8zUlZpZzlrWFFQenlCVVZUUHpwTUlGWktMa3BXNDgyQV9mZ0xJeVJPZTE3NnItMVFtdEFSYTdMNjdKVWdyU0stZXRBZEJLV2NuV2hqMmRCblV3dGZxV2RiX2pmM19y?oc=5,"DEAL: Virgin Media offers new customers an LG 43"" 4K TV or £150 bill credit on selected bundles Virgin Media O2",,
RELEVANT,5,Thames Water,Water,Google News: Thames Water,news.google.com,2026-05-15T10:49:41+00:00,Thames Water say Alfold infrastructure cannot cope with 400 homes - BBC,https://news.google.com/rss/articles/CBMiXEFVX3lxTFBKV3dUVGVOTkU4MEx2UE9ibnV5ZEczNk5zMk0zQWJRalQ4ZDdzMDZ6UjhhUGJLYVNBN2k3SUZaMmliNlZjLW16S0lpUmhFMWNrWDUwSXFvUVNOc2l0?oc=5,Thames Water say Alfold infrastructure cannot cope with 400 homes BBC,,
RELEVANT,5,Thames Water,Water,Google News: Thames Water,news.google.com,2026-05-18T11:02:59+00:00,Thames Water seeks creditor consent for £413m funding draw By Investing.com - Investing.com South Africa,https://news.google.com/rss/articles/CBMiugFBVV95cUxNazh2SEN5NGtxR3Q0S09rVDRTQ0ZrX3puNllmS1FJY1BUNW9vcWl1SmhZbXYtY0UyeFB2LVlHUm94SGI0UXNjXzdlQ2VzVnpfRTRXck5HemkzaVQzUnF4NG4xQXZBbWtnLS03NHRmMTE4MGR2M2QxaGxZc2JRbHpmNkJuUFlhcUQ0QVlJazdyMkV5YUJHelFISTFldThIYk00a2ZWRmxjQ0pEOS1NR05tSFl5OGxjTmx0Ync?oc=5,Thames Water seeks creditor consent for £413m funding draw By Investing.com Investing.com South Africa,,
RELEVANT,5,Thames Water,Water,Google News: Thames Water,news.google.com,2026-05-12T15:28:56+00:00,Thames Water allocated extra £198m for next phase of mega-reservoir - Utility Week,https://news.google.com/rss/articles/CBMimAFBVV95cUxPMV9kRVU5MnZJR3VXcmRkUlJYRDZ5N0QweXFwc0puYnVsczVFN3AwcEt4MkdvV2FtbVpoSkhXdlltUFVCXzNrRGt5aGtjcDVUemNKaWt0WmtZSzFNMDFWdUdvcGY1VktTdWdwVFRnc2hIRHJEOVVXbHpzYXZCclF5M3dDSFdTRWYyX0xCNlI4Vy11bE1MZzdSbNIBpAFBVV95cUxNTjZ3VGlrRXVDWkZVNzRBeGo0RFcyODV2TlZqRldHZGJXWnl3OUlFWDNodFJPdHh3dHB6dlpzUkFaWG16TFowakhpYjJXNXY1U3VqUGZ2ckVsdEF1Y0VTUjlKV3hDcXdaNzlScWxjU3FKTkFjWFAxQlpGTkdjSjAyY3VBUkhLLVRCVVJrQjlRbnlYZXdCeDY4RE92VjlGSU5kbFBHTA?oc=5,Thames Water allocated extra £198m for next phase of mega-reservoir Utility Week,,
RELEVANT,5,Southern Water,Water,Google News: Southern Water,news.google.com,2026-05-18T10:33:32+00:00,Hampshire to get £11m worth of work to strengthen sewer network and protect communities from groundwater - Southern Water,https://news.google.com/rss/articles/CBMiygFBVV95cUxOVGRRS28taGdvVWdnOVN4R0plUEl1alNBdUxacUVwd2JQLWhlNlF1ZTBOZEZBb1N1MUlmT3QwYU9RWmdkTU1rcDhCdlNSUUFCcE8tSkZlbHprd283R29HVGVYZWZzRktucUxRekRqMUg4WFFXWHdWeTZ6SVd4LXh1NlVUU1VkQVZqbDZGZDk3NGNhTGMtQjB6cVNkV2JkNm5KRW1Oazg5eHROSjBEeGlydXBRTXRzVUJ3cW1teVEtQkwtYlB4d2NURlVn?oc=5,Hampshire to get £11m worth of work to strengthen sewer network and protect communities from groundwater Southern Water,,
RELEVANT,5,National Grid,Electricity,Google News: National Grid,news.google.com,2026-05-14T13:59:00+00:00,"Wasted wind threatens to cost Britain £12bn, warns National Grid - The Telegraph",https://news.google.com/rss/articles/CBMipAFBVV95cUxPV3NqdnBZSzNfelV3Zk5HVVAxWkY3TXN5cm5JRUpQM2RjcVJiVUR4VENfMzloTm1hQ0tRbnNuTEdqa1FDX0RaQnJuUm5GeXpkOTFhNWVXd2VyVG1NSEN2cVI5TFZhUzlNTXZ0SWxnT3ByVndwS1UxUktiSkl6MmJuczV3SmR2OG1OV2RDeHdVWDFINExkeVJYQkNUZklieDBtTVZrUg?oc=5,"Wasted wind threatens to cost Britain £12bn, warns National Grid The Telegraph",,
RELEVANT,5,SSEN,Electricity,Google News: SSEN,news.google.com,2026-05-14T08:41:27+00:00,How SSEN Transmission built the data trust to unlock a £29bn clean energy overhaul - diginomica,https://news.google.com/rss/articles/CBMiowFBVV95cUxQNm1rMHdSME83Z1pDaldlcmU4YTZZcVoyUzY2Z3lWVjNMTkVtUWdwbVMzWFU5d3lPQk9HaTIzYm81bzhkY3RJVjl3ZUdvSi14SEpaOGNGQ1VNaUxtTjJveXduTmpEVWttVmI4bU1ITzJaUFhEWk04bkVmbjA4aHlDQk5aalJqS0pjWnM2MkNMQmc5ZUp4VkxXSXFPS2VoUVQzS2k40gGjAUFVX3lxTFA2bWswd1IwTzdnWkNqV2VyZThhNllxWjJTNjZneVZWM0xORW1RZ3BtUzNYVTl3eU9CT0dpMjNibzVvOGRjdElWOXdlR29KLXhISlo4Y0ZDVU1pTG1OMm95d25OakRVa21WYjhtTUhPMlpQWERaTThuRWZuMDhoeUNCTlpqUmpLSmNaczYyQ0xCZzllSnhWTFdJcU9LZWhRVDNLaTg?oc=5,How SSEN Transmission built the data trust to unlock a £29bn clean energy overhaul diginomica,,
RELEVANT,5,Ofgem,Regulator,Google News: Ofgem,news.google.com,2026-05-15T16:29:29+00:00,British Gas paying customers £20 million compensation after Ofgem ruling - Swindon Advertiser,https://news.google.com/rss/articles/CBMipgFBVV95cUxOOFlzc0ZpT2FuRkZlMm4td01ONUoyR0czRC1GX0RYeGVYbjVYanVzenM0SW04blRraldhZkpMYzBXM3IwbTE5TEJDTVVQNjB1T3RDSllFSEhfeENRbDNLYUhjcmpBUWh5czE0amZfdG8zdkc0dFVtU0s4MjRTdm83bmp0a0N6Tm1jdVN4RkdLVTZQTkNicXZLeENXemhqcTlDRjJyeFpn?oc=5,British Gas paying customers £20 million compensation after Ofgem ruling Swindon Advertiser,,
RELEVANT,5,BT Group,Telecoms,Google News: BT Group,news.google.com,2026-05-15T10:53:17+00:00,"BT revives talks for international business sale, Sky News reports - Reuters",https://news.google.com/rss/articles/CBMiuAFBVV95cUxPbGZmcWFUUGd0QVVVbmFQaFR4LXJ1Q3JYS0hCbmlNa1hiZ1NFczZzNjJkbTlyT3pON3dnbGY1SEVyTUdrWU1hWnJrMXZmeXhRdXY1aDlEN2xvSHUtU3dGOHlic19UczJuRElYaDE5U3N3T3dfQ0pQeXZOTG1SYzlWdHBtT0puMmJUNjRxSjZ3T3o2YXlpRG12SmlWZWwtUGdteFBqZDFGLXhhMVZ2Z19kaUEzVldhaGNB?oc=5,"BT revives talks for international business sale, Sky News reports Reuters",,
RELEVANT,5,Vodafone,Telecoms,Google News: Vodafone,news.google.com,2026-05-12T07:02:11+00:00,Vodafone profits at top end of expectations after overhaul - The Times,https://news.google.com/rss/articles/CBMiuAFBVV95cUxQMDRVRkktY1lLSExCZDhhTnRuN2x0TnBJbTRqcHJ4T2lKVVdvQzVZSk82bGRhRlc3dEF0QVkyaENQaTZzWXVJYlhPMjRyYng0WjZnWG95Q2VtbExNcnNLaFQwTWtKeUVrZndWU3lqOWVqeVVTNGtkeC1ncXlielBUeDJMbTJHS2M1MHp2bW81MFNwZkpPMkpXaE40SUpvUFd3bTJtTUtNZlJiTGlDaENqWmplQmU1MGxK?oc=5,Vodafone profits at top end of expectations after overhaul The Times,,
